Metrics3913,Fri., 21 Oct. 2022 19:45:44 EDT
Class,CBO,CLOC,Jm,JTA,LCOM,LOC,NOC,RFC,WMC
org.jfree.chart.AreaChartTest,14,27,100.00%,0,1,93,0,31,6
org.jfree.chart.AreaChartTest.LocalListener,3,9,100.00%,0,1,16,0,1,1
org.jfree.chart.BarChartTest,14,28,100.00%,0,1,94,0,31,6
org.jfree.chart.BarChartTest.LocalListener,3,9,100.00%,0,1,16,0,1,1
org.jfree.chart.ChartColor,1,44,100.00%,0,1,111,0,3,2
org.jfree.chart.ChartElement,n/a,n/a,n/a,n/a,n/a,n/a,n/a,1,n/a
org.jfree.chart.ChartElementVisitor,n/a,n/a,n/a,n/a,n/a,n/a,n/a,1,n/a
org.jfree.chart.ChartFactory,121,834,100.00%,0,1,"1,741",0,176,131
org.jfree.chart.ChartHints,3,16,0.00%,0,0,22,0,2,1
org.jfree.chart.ChartHints.Key,1,17,100.00%,0,1,34,0,5,5
org.jfree.chart.ChartRenderingInfo,41,99,92.31%,0,1,184,0,28,21
org.jfree.chart.ChartRenderingInfoTest,7,17,100.00%,0,4,74,0,26,4
org.jfree.chart.ChartTheme,n/a,n/a,n/a,n/a,n/a,n/a,n/a,1,n/a
org.jfree.chart.ChartTransferable,2,95,100.00%,0,1,187,0,18,13
org.jfree.chart.ChartUtils,14,358,100.00%,0,9,573,0,58,32
org.jfree.chart.Drawable,n/a,n/a,n/a,n/a,n/a,n/a,n/a,1,n/a
org.jfree.chart.GanttChartTest,14,47,100.00%,0,1,192,0,38,9
org.jfree.chart.GanttChartTest.LocalListener,3,10,100.00%,0,1,17,0,1,1
org.jfree.chart.JFreeChart,120,682,97.26%,0,1,"1,401",0,194,157
org.jfree.chart.JFreeChartTest,19,80,100.00%,0,10,348,0,70,14
org.jfree.chart.LegendItemCollectionTest,4,13,100.00%,0,2,59,0,20,3
org.jfree.chart.LegendItemTest,5,23,100.00%,0,2,265,0,30,4
org.jfree.chart.LineChartTest,13,28,100.00%,0,1,89,0,30,6
org.jfree.chart.LineChartTest.LocalListener,3,10,100.00%,0,1,17,0,1,1
org.jfree.chart.MeterChartTest,5,8,100.00%,0,1,21,0,12,1
org.jfree.chart.PieChartTest,5,17,100.00%,0,1,40,0,12,3
org.jfree.chart.PieChartTest.LocalListener,3,9,100.00%,0,1,16,0,1,1
org.jfree.chart.ScatterPlotTest,12,24,100.00%,0,1,83,0,29,5
org.jfree.chart.ScatterPlotTest.LocalListener,3,10,100.00%,0,1,17,0,1,1
org.jfree.chart.StackedAreaChartTest,14,27,100.00%,0,1,90,0,31,6
org.jfree.chart.StackedAreaChartTest.LocalListener,3,9,100.00%,0,1,16,0,1,1
org.jfree.chart.StackedBarChartTest,13,27,100.00%,0,1,93,0,31,6
org.jfree.chart.StackedBarChartTest.LocalListener,3,9,100.00%,0,1,16,0,1,1
org.jfree.chart.StandardChartTheme,57,662,98.92%,0,4,"1,547",1,238,200
org.jfree.chart.StandardChartThemeTest,7,41,100.00%,0,3,185,0,47,3
org.jfree.chart.TestUtils,301,34,100.00%,0,3,130,0,46,5
org.jfree.chart.TimeSeriesChartTest,12,24,100.00%,0,1,83,0,29,5
org.jfree.chart.TimeSeriesChartTest.LocalListener,3,10,100.00%,0,1,17,0,1,1
org.jfree.chart.WaterfallChartTest,11,25,100.00%,0,1,74,0,22,5
org.jfree.chart.XYAreaChartTest,12,24,100.00%,0,1,82,0,29,5
org.jfree.chart.XYAreaChartTest.LocalListener,3,10,100.00%,0,1,17,0,1,1
org.jfree.chart.XYBarChartTest,14,24,100.00%,0,1,84,0,30,5
org.jfree.chart.XYBarChartTest.LocalListener,3,10,100.00%,0,1,17,0,1,1
org.jfree.chart.XYLineChartTest,12,24,100.00%,0,1,83,0,29,5
org.jfree.chart.XYLineChartTest.LocalListener,3,10,100.00%,0,1,17,0,1,1
org.jfree.chart.XYStepAreaChartTest,12,24,100.00%,0,1,82,0,29,5
org.jfree.chart.XYStepAreaChartTest.LocalListener,3,10,100.00%,0,1,17,0,1,1
org.jfree.chart.XYStepChartTest,13,31,100.00%,0,1,93,0,29,5
org.jfree.chart.XYStepChartTest.LocalListener,3,10,100.00%,0,1,17,0,1,1
org.jfree.chart.annotations.AbstractAnnotation,20,95,100.00%,0,1,152,3,22,15
org.jfree.chart.annotations.AbstractXYAnnotation,18,74,100.00%,0,4,141,9,16,16
org.jfree.chart.annotations.Annotation,n/a,n/a,n/a,n/a,n/a,n/a,n/a,2,n/a
org.jfree.chart.annotations.CategoryAnnotation,n/a,n/a,n/a,n/a,n/a,n/a,n/a,1,n/a
org.jfree.chart.annotations.CategoryLineAnnotation,19,157,100.00%,0,1,329,0,50,29
org.jfree.chart.annotations.CategoryLineAnnotationTest,3,24,83.33%,0,2,123,0,25,6
org.jfree.chart.annotations.CategoryPointerAnnotation,18,208,100.00%,0,1,418,0,69,35
org.jfree.chart.annotations.CategoryPointerAnnotationTest,4,26,100.00%,0,1,114,0,27,5
org.jfree.chart.annotations.CategoryTextAnnotation,21,88,100.00%,0,1,195,1,41,19
org.jfree.chart.annotations.CategoryTextAnnotationTest,4,21,100.00%,0,5,76,0,19,5
org.jfree.chart.annotations.TextAnnotation,9,141,100.00%,0,6,263,1,32,25
org.jfree.chart.annotations.TextAnnotationTest,6,27,100.00%,0,4,110,0,21,5
org.jfree.chart.annotations.XYAnnotation,n/a,n/a,n/a,n/a,n/a,n/a,n/a,1,n/a
org.jfree.chart.annotations.XYAnnotationBoundsInfo,n/a,n/a,n/a,n/a,n/a,n/a,n/a,3,n/a
org.jfree.chart.annotations.XYBoxAnnotation,13,131,100.00%,0,1,285,0,44,30
org.jfree.chart.annotations.XYBoxAnnotationTest,10,27,85.71%,0,1,151,0,32,7
org.jfree.chart.annotations.XYDataImageAnnotation,13,141,100.00%,0,2,282,0,38,28
org.jfree.chart.annotations.XYDrawableAnnotation,12,93,100.00%,0,1,220,0,33,21
org.jfree.chart.annotations.XYDrawableAnnotationTest,4,18,100.00%,0,5,91,0,18,5
org.jfree.chart.annotations.XYDrawableAnnotationTest.TestDrawable,2,21,100.00%,0,1,42,0,5,6
org.jfree.chart.annotations.XYImageAnnotation,12,102,100.00%,0,1,216,0,39,22
org.jfree.chart.annotations.XYImageAnnotationTest,0,76,100.00%,0,0,78,0,0,0
org.jfree.chart.annotations.XYLineAnnotation,15,116,100.00%,0,1,271,0,44,27
org.jfree.chart.annotations.XYLineAnnotationTest,3,18,71.43%,0,1,137,0,28,7
org.jfree.chart.annotations.XYPointerAnnotation,15,207,100.00%,0,1,432,0,77,37
org.jfree.chart.annotations.XYPointerAnnotationTest,4,26,100.00%,0,1,114,0,27,5
org.jfree.chart.annotations.XYPolygonAnnotation,15,115,100.00%,0,1,261,0,49,29
org.jfree.chart.annotations.XYPolygonAnnotationTest,3,19,100.00%,0,1,101,0,18,5
org.jfree.chart.annotations.XYShapeAnnotation,14,84,100.00%,0,1,211,0,48,21
org.jfree.chart.annotations.XYShapeAnnotationTest,3,22,100.00%,0,1,113,0,19,5
org.jfree.chart.annotations.XYTextAnnotation,23,266,100.00%,0,1,521,1,71,49
org.jfree.chart.annotations.XYTextAnnotationTest,4,26,100.00%,0,4,116,0,29,5
org.jfree.chart.annotations.XYTitleAnnotation,25,111,100.00%,0,1,298,0,56,36
org.jfree.chart.annotations.XYTitleAnnotationTest,10,20,100.00%,0,5,95,0,27,5
org.jfree.chart.api.HorizontalAlignment,12,7,0.00%,0,2,12,n/a,2,0
org.jfree.chart.api.Layer,8,5,0.00%,0,2,9,n/a,2,0
org.jfree.chart.api.LengthAdjustmentType,8,7,0.00%,0,2,12,n/a,2,0
org.jfree.chart.api.PublicCloneable,n/a,n/a,n/a,n/a,n/a,n/a,n/a,1,n/a
org.jfree.chart.api.RectangleAlignment,6,21,33.33%,0,3,98,n/a,14,14
org.jfree.chart.api.RectangleAlignmentTest,1,6,100.00%,0,1,48,0,4,1
org.jfree.chart.api.RectangleAnchor,29,30,50.00%,0,3,120,n/a,16,22
org.jfree.chart.api.RectangleEdge,100,38,66.67%,0,3,78,n/a,10,14
org.jfree.chart.api.RectangleInsets,65,211,100.00%,0,1,452,0,38,57
org.jfree.chart.api.Rotation,5,21,50.00%,0,3,32,n/a,4,2
org.jfree.chart.api.SortOrder,9,5,0.00%,0,2,9,n/a,2,0
org.jfree.chart.api.TableOrder,7,5,0.00%,0,2,9,n/a,2,0
org.jfree.chart.api.UnitType,7,5,0.00%,0,2,9,n/a,2,0
org.jfree.chart.api.VerticalAlignment,12,7,0.00%,0,2,12,n/a,2,0
org.jfree.chart.api.XYCoordinateType,1,12,0.00%,0,2,17,n/a,2,0
org.jfree.chart.axis.Axis,60,710,100.00%,0,7,"1,457",2,160,153
org.jfree.chart.axis.AxisCollection,5,43,100.00%,0,1,87,0,9,11
org.jfree.chart.axis.AxisLabelLocation,2,6,0.00%,0,2,11,n/a,2,0
org.jfree.chart.axis.AxisLocation,14,20,50.00%,0,3,44,n/a,6,7
org.jfree.chart.axis.AxisLocationTest,2,12,100.00%,0,1,39,0,8,3
org.jfree.chart.axis.AxisSpace,19,118,100.00%,0,1,301,0,34,43
org.jfree.chart.axis.AxisSpaceTest,1,12,100.00%,0,3,53,0,16,3
org.jfree.chart.axis.AxisState,24,74,100.00%,0,3,135,0,16,18
org.jfree.chart.axis.AxisTest,5,36,100.00%,0,2,187,0,45,4
org.jfree.chart.axis.CategoryAnchor,7,7,0.00%,0,2,12,n/a,2,0
org.jfree.chart.axis.CategoryAnchorTest,2,12,100.00%,0,1,38,0,9,3
org.jfree.chart.axis.CategoryAxis,76,535,100.00%,0,4,"1,225",2,169,134
org.jfree.chart.axis.CategoryAxisTest,3,33,100.00%,0,3,135,0,27,5
org.jfree.chart.axis.CategoryLabelPosition,9,95,100.00%,0,6,188,0,15,20
org.jfree.chart.axis.CategoryLabelPositionTest,6,12,100.00%,0,3,90,0,10,3
org.jfree.chart.axis.CategoryLabelPositions,10,134,100.00%,0,2,324,0,18,21
org.jfree.chart.axis.CategoryLabelPositionsTest,5,12,100.00%,0,2,120,0,11,3
org.jfree.chart.axis.CategoryLabelWidthType,5,5,0.00%,0,2,9,n/a,2,0
org.jfree.chart.axis.CategoryLabelWidthTypeTest,2,12,100.00%,0,1,37,0,8,3
org.jfree.chart.axis.CategoryTick,6,42,100.00%,0,3,92,0,12,11
org.jfree.chart.axis.CategoryTickTest,7,15,100.00%,0,1,84,0,17,4
org.jfree.chart.axis.CompassFormat,2,56,100.00%,0,2,99,0,12,9
org.jfree.chart.axis.CyclicNumberAxis,23,343,100.00%,0,3,962,0,105,120
org.jfree.chart.axis.CyclicNumberAxis.CycleBoundTick,3,17,100.00%,0,0,26,0,2,1
org.jfree.chart.axis.CyclicNumberAxisTest,3,21,100.00%,0,4,79,0,24,4
org.jfree.chart.axis.DateAxis,30,498,100.00%,0,1,"1,487",1,168,153
org.jfree.chart.axis.DateAxis.DefaultTimeline,2,67,100.00%,0,7,110,0,9,11
org.jfree.chart.axis.DateAxisTest,21,167,100.00%,0,8,971,0,111,25
org.jfree.chart.axis.DateAxisTest.MyDateAxis,3,5,50.00%,0,1,15,0,4,2
org.jfree.chart.axis.DateTick,7,42,100.00%,0,1,79,0,11,8
org.jfree.chart.axis.DateTickMarkPosition,3,7,0.00%,0,2,12,n/a,2,0
org.jfree.chart.axis.DateTickMarkPositionTest,2,12,100.00%,0,1,39,0,9,3
org.jfree.chart.axis.DateTickTest,5,15,100.00%,0,1,82,0,16,4
org.jfree.chart.axis.DateTickUnit,7,142,100.00%,0,4,274,0,35,32
org.jfree.chart.axis.DateTickUnitTest,3,12,100.00%,0,1,35,0,8,3
org.jfree.chart.axis.DateTickUnitType,4,21,50.00%,0,3,37,n/a,4,2
org.jfree.chart.axis.ExtendedCategoryAxis,11,89,100.00%,0,1,177,0,35,20
org.jfree.chart.axis.ExtendedCategoryAxisTest,3,23,100.00%,0,3,95,0,23,5
org.jfree.chart.axis.LogAxis,22,368,95.00%,0,1,906,0,129,97
org.jfree.chart.axis.LogAxisTest,14,45,100.00%,0,6,203,0,53,12
org.jfree.chart.axis.LogTick,5,19,100.00%,0,1,30,0,3,2
org.jfree.chart.axis.LogarithmicAxis,13,418,100.00%,0,1,902,1,70,114
org.jfree.chart.axis.LogarithmicAxisTest,5,38,70.00%,0,2,145,0,38,10
org.jfree.chart.axis.LogarithmicAxisTest.MyLogarithmicAxis,2,8,50.00%,0,1,17,0,4,2
org.jfree.chart.axis.MarkerAxisBand,8,63,100.00%,0,1,186,0,43,18
org.jfree.chart.axis.MarkerAxisBandTest,2,12,100.00%,0,2,58,0,10,3
org.jfree.chart.axis.ModuloAxis,7,152,100.00%,0,1,358,0,38,40
org.jfree.chart.axis.ModuloAxisTest,4,15,100.00%,0,4,50,0,16,4
org.jfree.chart.axis.MonthDateFormat,2,97,100.00%,0,2,181,0,28,19
org.jfree.chart.axis.MonthDateFormatTest,2,20,100.00%,0,4,87,0,17,4
org.jfree.chart.axis.NumberAxis,76,394,100.00%,0,9,965,4,123,112
org.jfree.chart.axis.NumberAxisTest,16,102,100.00%,0,5,304,0,55,12
org.jfree.chart.axis.NumberTick,11,30,100.00%,0,1,47,1,6,3
org.jfree.chart.axis.NumberTickUnit,17,49,100.00%,0,1,100,0,17,12
org.jfree.chart.axis.NumberTickUnitSource,5,22,25.00%,0,1,174,0,24,39
org.jfree.chart.axis.NumberTickUnitTest,2,15,100.00%,0,4,51,0,12,4
org.jfree.chart.axis.PeriodAxis,24,394,100.00%,0,1,"1,024",0,155,115
org.jfree.chart.axis.PeriodAxisLabelInfo,8,127,100.00%,0,8,266,0,36,26
org.jfree.chart.axis.PeriodAxisLabelInfoTest,6,18,100.00%,0,5,116,0,25,5
org.jfree.chart.axis.PeriodAxisTest,15,39,100.00%,0,7,197,0,58,8
org.jfree.chart.axis.QuarterDateFormat,2,61,100.00%,0,2,130,0,17,12
org.jfree.chart.axis.QuarterDateFormatTest,2,15,100.00%,0,4,72,0,16,4
org.jfree.chart.axis.StandardTickUnitSource,4,45,100.00%,0,1,81,0,13,7
org.jfree.chart.axis.StandardTickUnitSourceTest,2,9,100.00%,0,2,23,0,5,2
org.jfree.chart.axis.SubCategoryAxis,17,130,100.00%,0,1,344,0,69,40
org.jfree.chart.axis.SubCategoryAxisTest,7,23,100.00%,0,5,87,0,28,5
org.jfree.chart.axis.SymbolAxis,20,227,100.00%,0,2,619,0,87,69
org.jfree.chart.axis.SymbolAxisTest,3,12,100.00%,0,3,56,0,14,3
org.jfree.chart.axis.Tick,15,57,100.00%,0,4,117,2,11,14
org.jfree.chart.axis.TickType,12,5,0.00%,0,2,9,n/a,2,0
org.jfree.chart.axis.TickUnit,15,68,100.00%,0,3,130,2,10,16
org.jfree.chart.axis.TickUnitSource,n/a,n/a,n/a,n/a,n/a,n/a,n/a,3,n/a
org.jfree.chart.axis.TickUnits,5,69,100.00%,0,1,135,0,22,14
org.jfree.chart.axis.TickUnitsTest,4,12,100.00%,0,3,39,0,13,3
org.jfree.chart.axis.Timeline,n/a,n/a,n/a,n/a,n/a,n/a,n/a,7,n/a
org.jfree.chart.axis.ValueAxis,137,717,100.00%,0,7,"1,462",4,163,163
org.jfree.chart.axis.ValueAxisTest,16,39,100.00%,0,4,158,0,55,4
org.jfree.chart.axis.ValueTick,15,46,100.00%,0,2,86,3,8,9
org.jfree.chart.block.AbstractBlock,30,291,92.11%,0,3,536,6,77,55
org.jfree.chart.block.AbstractBlockTest,5,12,100.00%,0,3,83,0,24,3
org.jfree.chart.block.Arrangement,n/a,n/a,n/a,n/a,n/a,n/a,n/a,3,n/a
org.jfree.chart.block.Block,n/a,n/a,n/a,n/a,n/a,n/a,n/a,7,n/a
org.jfree.chart.block.BlockBorder,9,78,100.00%,0,1,166,0,31,19
org.jfree.chart.block.BlockBorderTest,4,14,100.00%,0,2,50,0,12,3
org.jfree.chart.block.BlockContainer,25,93,93.33%,0,1,207,1,48,26
org.jfree.chart.block.BlockContainerTest,6,12,100.00%,0,3,45,0,17,3
org.jfree.chart.block.BlockFrame,n/a,n/a,n/a,n/a,n/a,n/a,n/a,2,n/a
org.jfree.chart.block.BlockParams,3,56,100.00%,0,3,85,0,7,7
org.jfree.chart.block.BlockResult,7,18,100.00%,0,1,31,0,3,3
org.jfree.chart.block.BorderArrangement,12,95,100.00%,0,1,469,0,40,71
org.jfree.chart.block.BorderArrangementTest,11,154,100.00%,0,3,668,0,27,6
org.jfree.chart.block.CenterArrangement,8,126,100.00%,0,3,260,0,33,31
org.jfree.chart.block.ColorBlock,8,68,100.00%,0,2,129,0,31,12
org.jfree.chart.block.ColorBlockTest,3,13,100.00%,0,1,64,0,17,3
org.jfree.chart.block.ColumnArrangement,12,115,100.00%,0,3,313,0,38,42
org.jfree.chart.block.ColumnArrangementTest,4,12,100.00%,0,2,59,0,9,3
org.jfree.chart.block.EmptyBlock,10,43,100.00%,0,2,71,0,16,5
org.jfree.chart.block.EmptyBlockTest,3,12,100.00%,0,3,49,0,13,3
org.jfree.chart.block.EntityBlockParams,n/a,n/a,n/a,n/a,n/a,n/a,n/a,1,n/a
org.jfree.chart.block.EntityBlockResult,n/a,n/a,n/a,n/a,n/a,n/a,n/a,1,n/a
org.jfree.chart.block.FlowArrangement,12,143,100.00%,0,3,368,0,40,46
org.jfree.chart.block.FlowArrangementTest,4,12,100.00%,0,2,59,0,9,3
org.jfree.chart.block.GridArrangement,8,131,100.00%,0,3,368,0,38,51
org.jfree.chart.block.GridArrangementTest,9,57,94.74%,0,4,228,0,41,19
org.jfree.chart.block.LabelBlock,19,169,100.00%,0,1,326,0,59,34
org.jfree.chart.block.LabelBlockTest,5,12,100.00%,0,1,75,0,17,3
org.jfree.chart.block.LengthConstraintType,14,6,0.00%,0,2,11,n/a,2,0
org.jfree.chart.block.LineBorder,6,61,100.00%,0,1,161,0,36,19
org.jfree.chart.block.LineBorderTest,3,12,100.00%,0,2,54,0,12,3
org.jfree.chart.block.RectangleConstraint,28,136,100.00%,0,1,282,0,24,33
org.jfree.chart.block.RectangleConstraintTest,4,15,100.00%,0,1,79,0,6,1
org.jfree.chart.block.Size2D,33,63,100.00%,0,2,119,0,12,14
org.jfree.chart.date.MonthConstants,n/a,n/a,n/a,n/a,n/a,n/a,n/a,0,n/a
org.jfree.chart.date.SerialDate,8,466,100.00%,0,16,815,1,65,78
org.jfree.chart.date.SpreadsheetDate,2,195,100.00%,0,3,367,0,30,34
org.jfree.chart.encoders.EncoderUtil,3,85,100.00%,0,8,134,0,14,8
org.jfree.chart.encoders.ImageEncoder,n/a,n/a,n/a,n/a,n/a,n/a,n/a,6,n/a
org.jfree.chart.encoders.ImageEncoderFactory,2,47,100.00%,0,1,96,0,17,8
org.jfree.chart.encoders.ImageFormat,n/a,n/a,n/a,n/a,n/a,n/a,n/a,0,n/a
org.jfree.chart.encoders.SunJPEGEncoderAdapter,2,62,100.00%,0,3,109,0,23,8
org.jfree.chart.encoders.SunPNGEncoderAdapter,3,46,100.00%,0,5,75,0,10,6
org.jfree.chart.entity.AxisEntity,5,77,100.00%,0,1,146,0,28,16
org.jfree.chart.entity.CategoryItemEntity,6,74,100.00%,0,3,133,0,14,14
org.jfree.chart.entity.CategoryItemEntityTest,5,12,100.00%,0,3,69,0,17,3
org.jfree.chart.entity.CategoryLabelEntity,5,37,100.00%,0,1,77,0,16,8
org.jfree.chart.entity.CategoryLabelEntityTest,4,12,100.00%,0,3,56,0,15,3
org.jfree.chart.entity.ChartEntity,36,153,100.00%,0,1,319,12,45,37
org.jfree.chart.entity.EntityCollection,n/a,n/a,n/a,n/a,n/a,n/a,n/a,8,n/a
org.jfree.chart.entity.FlowEntity,5,31,80.00%,0,1,63,0,10,7
org.jfree.chart.entity.FlowEntityTest,4,14,100.00%,0,3,53,0,13,3
org.jfree.chart.entity.JFreeChartEntity,5,76,100.00%,0,1,145,0,28,16
org.jfree.chart.entity.LegendItemEntity,4,63,100.00%,0,2,114,0,12,13
org.jfree.chart.entity.LegendItemEntityTest,5,12,100.00%,0,3,58,0,18,3
org.jfree.chart.entity.NodeEntity,4,30,100.00%,0,1,48,0,7,4
org.jfree.chart.entity.PieSectionEntity,7,94,100.00%,0,4,169,0,18,18
org.jfree.chart.entity.PieSectionEntityTest,5,12,100.00%,0,3,70,0,20,3
org.jfree.chart.entity.PlotEntity,5,76,100.00%,0,1,145,0,28,16
org.jfree.chart.entity.StandardEntityCollection,13,69,91.67%,0,1,145,0,29,17
org.jfree.chart.entity.StandardEntityCollectionTest,5,13,100.00%,0,3,58,0,16,3
org.jfree.chart.entity.TickLabelEntity,3,12,100.00%,0,0,19,1,2,1
org.jfree.chart.entity.TickLabelEntityTest,4,12,100.00%,0,3,50,0,15,3
org.jfree.chart.entity.TitleEntity,7,76,100.00%,0,1,145,0,28,16
org.jfree.chart.entity.XYAnnotationEntity,2,31,100.00%,0,1,63,0,6,8
org.jfree.chart.entity.XYItemEntity,9,61,100.00%,0,3,114,0,11,13
org.jfree.chart.entity.XYItemEntityTest,5,12,100.00%,0,3,62,0,18,3
org.jfree.chart.event.AnnotationChangeEvent,10,17,100.00%,0,1,28,0,4,2
org.jfree.chart.event.AnnotationChangeListener,n/a,n/a,n/a,n/a,n/a,n/a,n/a,1,n/a
org.jfree.chart.event.AxisChangeEvent,10,16,100.00%,0,1,25,0,3,2
org.jfree.chart.event.AxisChangeListener,n/a,n/a,n/a,n/a,n/a,n/a,n/a,1,n/a
org.jfree.chart.event.ChartChangeEvent,35,46,100.00%,0,2,76,7,9,7
org.jfree.chart.event.ChartChangeEventType,4,6,0.00%,0,2,11,n/a,2,0
org.jfree.chart.event.ChartChangeListener,n/a,n/a,n/a,n/a,n/a,n/a,n/a,1,n/a
org.jfree.chart.event.ChartProgressEvent,5,45,100.00%,0,3,77,0,9,7
org.jfree.chart.event.ChartProgressEventType,2,5,0.00%,0,2,9,n/a,2,0
org.jfree.chart.event.ChartProgressListener,n/a,n/a,n/a,n/a,n/a,n/a,n/a,1,n/a
org.jfree.chart.event.MarkerChangeEvent,11,17,100.00%,0,1,26,0,3,2
org.jfree.chart.event.MarkerChangeListener,n/a,n/a,n/a,n/a,n/a,n/a,n/a,1,n/a
org.jfree.chart.event.PlotChangeEvent,14,17,100.00%,0,1,27,0,3,2
org.jfree.chart.event.PlotChangeListener,n/a,n/a,n/a,n/a,n/a,n/a,n/a,1,n/a
org.jfree.chart.event.RendererChangeEvent,12,33,100.00%,0,2,51,0,5,4
org.jfree.chart.event.RendererChangeListener,n/a,n/a,n/a,n/a,n/a,n/a,n/a,1,n/a
org.jfree.chart.event.TitleChangeEvent,9,14,100.00%,0,1,24,0,3,2
org.jfree.chart.event.TitleChangeListener,n/a,n/a,n/a,n/a,n/a,n/a,n/a,1,n/a
org.jfree.chart.imagemap.DynamicDriveToolTipTagFragmentGenerator,2,24,100.00%,0,1,43,0,5,3
org.jfree.chart.imagemap.DynamicDriveToolTipTagFragmentGeneratorTest,1,6,100.00%,0,1,19,0,4,1
org.jfree.chart.imagemap.ImageMapUtils,13,80,100.00%,0,2,195,0,25,23
org.jfree.chart.imagemap.ImageMapUtilsTest,8,9,40.00%,0,5,57,0,19,5
org.jfree.chart.imagemap.OverLIBToolTipTagFragmentGenerator,5,14,100.00%,0,1,26,0,4,2
org.jfree.chart.imagemap.OverLIBToolTipTagFragmentGeneratorTest,1,6,100.00%,0,1,19,0,4,1
org.jfree.chart.imagemap.StandardToolTipTagFragmentGenerator,5,13,100.00%,0,1,24,0,4,2
org.jfree.chart.imagemap.StandardToolTipTagFragmentGeneratorTest,1,6,100.00%,0,1,17,0,4,1
org.jfree.chart.imagemap.StandardURLTagFragmentGenerator,5,14,100.00%,0,1,24,0,3,2
org.jfree.chart.imagemap.StandardURLTagFragmentGeneratorTest,1,6,100.00%,0,1,18,0,4,1
org.jfree.chart.imagemap.ToolTipTagFragmentGenerator,n/a,n/a,n/a,n/a,n/a,n/a,n/a,1,n/a
org.jfree.chart.imagemap.URLTagFragmentGenerator,n/a,n/a,n/a,n/a,n/a,n/a,n/a,1,n/a
org.jfree.chart.internal.Args,239,45,100.00%,0,5,78,0,7,10
org.jfree.chart.internal.ArgsTest,1,3,0.00%,0,1,16,0,3,1
org.jfree.chart.internal.ArrayUtils,3,48,100.00%,0,1,152,0,11,31
org.jfree.chart.internal.CloneUtils,244,50,100.00%,0,1,130,0,19,13
org.jfree.chart.internal.CloneUtilsTest,1,13,100.00%,0,2,37,0,11,2
org.jfree.chart.internal.HashUtils,55,92,100.00%,0,2,153,0,19,19
org.jfree.chart.internal.HashUtilsTest,1,6,100.00%,0,1,19,0,4,1
org.jfree.chart.internal.LineUtils,6,33,100.00%,0,2,113,0,15,15
org.jfree.chart.internal.LineUtilsTest,1,7,33.33%,0,1,79,0,15,7
org.jfree.chart.internal.PaintUtils,69,50,100.00%,0,3,157,0,45,20
org.jfree.chart.internal.SerialUtils,96,187,100.00%,0,10,575,0,99,71
org.jfree.chart.internal.SerialUtilsTest,4,3,0.00%,0,2,25,0,14,2
org.jfree.chart.internal.SerialUtilsTest.ObjectWithMapOfPaint,2,0,0.00%,0,1,17,0,8,4
org.jfree.chart.internal.SerialUtilsTest.ObjectWithMapOfStroke,2,0,0.00%,0,1,17,0,8,4
org.jfree.chart.internal.ShapeUtils,31,193,100.00%,0,16,447,0,72,46
org.jfree.chart.internal.ShapeUtilsTest,2,22,60.00%,0,5,75,0,22,5
org.jfree.chart.labels.AbstractCategoryItemLabelGenerator,13,116,100.00%,0,3,240,2,31,24
org.jfree.chart.labels.AbstractPieItemLabelGenerator,9,75,100.00%,0,1,170,2,23,20
org.jfree.chart.labels.AbstractXYItemLabelGenerator,12,125,100.00%,0,1,270,5,36,31
org.jfree.chart.labels.BoxAndWhiskerToolTipGenerator,10,46,100.00%,0,1,91,0,17,7
org.jfree.chart.labels.BoxAndWhiskerToolTipGeneratorTest,5,21,100.00%,0,5,69,0,18,5
org.jfree.chart.labels.BoxAndWhiskerXYToolTipGenerator,8,50,100.00%,0,1,99,0,24,8
org.jfree.chart.labels.BoxAndWhiskerXYToolTipGeneratorTest,4,22,100.00%,0,5,89,0,19,5
org.jfree.chart.labels.BubbleXYItemLabelGenerator,9,92,100.00%,0,1,195,0,31,19
org.jfree.chart.labels.BubbleXYItemLabelGeneratorTest,6,24,100.00%,0,6,119,0,25,6
org.jfree.chart.labels.CategoryItemLabelGenerator,n/a,n/a,n/a,n/a,n/a,n/a,n/a,3,n/a
org.jfree.chart.labels.CategorySeriesLabelGenerator,n/a,n/a,n/a,n/a,n/a,n/a,n/a,1,n/a
org.jfree.chart.labels.CategoryToolTipGenerator,n/a,n/a,n/a,n/a,n/a,n/a,n/a,1,n/a
org.jfree.chart.labels.CrosshairLabelGenerator,n/a,n/a,n/a,n/a,n/a,n/a,n/a,1,n/a
org.jfree.chart.labels.CustomXYItemLabelGeneratorTest,4,13,100.00%,0,3,44,0,14,3
org.jfree.chart.labels.CustomXYToolTipGenerator,4,57,100.00%,0,1,128,0,16,18
org.jfree.chart.labels.FlowLabelGenerator,n/a,n/a,n/a,n/a,n/a,n/a,n/a,1,n/a
org.jfree.chart.labels.HighLowItemLabelGenerator,10,58,100.00%,0,2,154,0,31,21
org.jfree.chart.labels.HighLowItemLabelGeneratorTest,4,18,100.00%,0,5,65,0,20,5
org.jfree.chart.labels.IntervalCategoryItemLabelGenerator,10,33,100.00%,0,1,80,0,16,9
org.jfree.chart.labels.IntervalCategoryItemLabelGeneratorTest,5,18,100.00%,0,5,74,0,21,5
org.jfree.chart.labels.IntervalCategoryToolTipGenerator,8,42,83.33%,0,1,101,0,20,13
org.jfree.chart.labels.IntervalCategoryToolTipGeneratorTest,5,21,100.00%,0,6,86,0,24,6
org.jfree.chart.labels.IntervalXYItemLabelGenerator,7,84,90.00%,0,2,203,0,39,21
org.jfree.chart.labels.IntervalXYToolTipGenerator,6,84,90.00%,0,2,199,0,39,21
org.jfree.chart.labels.ItemLabelAnchor,10,29,0.00%,0,2,56,n/a,2,0
org.jfree.chart.labels.ItemLabelAnchorTest,2,9,100.00%,0,1,22,0,6,2
org.jfree.chart.labels.ItemLabelPosition,18,59,88.89%,0,4,130,0,13,15
org.jfree.chart.labels.ItemLabelPositionTest,2,9,100.00%,0,2,23,0,5,2
org.jfree.chart.labels.MultipleXYSeriesLabelGenerator,7,65,100.00%,0,1,166,0,30,19
org.jfree.chart.labels.MultipleXYSeriesLabelGeneratorTest,4,21,100.00%,0,5,73,0,18,5
org.jfree.chart.labels.PieSectionLabelGenerator,n/a,n/a,n/a,n/a,n/a,n/a,n/a,2,n/a
org.jfree.chart.labels.PieToolTipGenerator,n/a,n/a,n/a,n/a,n/a,n/a,n/a,1,n/a
org.jfree.chart.labels.StandardCategoryItemLabelGenerator,12,51,85.71%,0,1,92,1,13,9
org.jfree.chart.labels.StandardCategoryItemLabelGeneratorTest,6,25,100.00%,0,7,112,0,30,7
org.jfree.chart.labels.StandardCategorySeriesLabelGenerator,9,52,100.00%,0,1,102,0,14,10
org.jfree.chart.labels.StandardCategorySeriesLabelGeneratorTest,5,21,100.00%,0,6,79,0,22,6
org.jfree.chart.labels.StandardCategoryToolTipGenerator,21,41,83.33%,0,1,79,2,11,8
org.jfree.chart.labels.StandardCategoryToolTipGeneratorTest,5,21,100.00%,0,6,92,0,23,6
org.jfree.chart.labels.StandardCrosshairLabelGenerator,4,45,100.00%,0,1,96,0,16,11
org.jfree.chart.labels.StandardFlowLabelGenerator,7,33,80.00%,0,1,73,0,16,7
org.jfree.chart.labels.StandardFlowLabelGeneratorTest,2,9,100.00%,0,2,24,0,5,2
org.jfree.chart.labels.StandardPieSectionLabelGenerator,9,110,91.67%,0,2,182,0,28,15
org.jfree.chart.labels.StandardPieSectionLabelGeneratorTest,4,18,100.00%,0,5,93,0,21,5
org.jfree.chart.labels.StandardPieToolTipGenerator,7,56,100.00%,0,1,87,0,13,7
org.jfree.chart.labels.StandardPieToolTipGeneratorTest,5,18,100.00%,0,5,85,0,21,5
org.jfree.chart.labels.StandardXYItemLabelGenerator,7,80,90.00%,0,1,132,0,19,12
org.jfree.chart.labels.StandardXYItemLabelGeneratorTest,5,22,100.00%,0,5,115,0,27,5
org.jfree.chart.labels.StandardXYSeriesLabelGenerator,10,58,100.00%,0,1,109,0,14,10
org.jfree.chart.labels.StandardXYSeriesLabelGeneratorTest,6,21,100.00%,0,6,77,0,22,6
org.jfree.chart.labels.StandardXYToolTipGenerator,19,80,90.00%,0,2,133,2,20,12
org.jfree.chart.labels.StandardXYToolTipGeneratorTest,4,19,100.00%,0,5,92,0,20,5
org.jfree.chart.labels.StandardXYZToolTipGenerator,9,87,90.00%,0,1,187,0,30,18
org.jfree.chart.labels.StandardXYZToolTipGeneratorTest,4,26,100.00%,0,5,109,0,20,5
org.jfree.chart.labels.SymbolicXYItemLabelGenerator,11,52,100.00%,0,2,112,0,18,12
org.jfree.chart.labels.SymbolicXYItemLabelGeneratorTest,4,18,100.00%,0,5,55,0,14,5
org.jfree.chart.labels.XYItemLabelGenerator,n/a,n/a,n/a,n/a,n/a,n/a,n/a,1,n/a
org.jfree.chart.labels.XYSeriesLabelGenerator,n/a,n/a,n/a,n/a,n/a,n/a,n/a,1,n/a
org.jfree.chart.labels.XYToolTipGenerator,n/a,n/a,n/a,n/a,n/a,n/a,n/a,1,n/a
org.jfree.chart.labels.XYZToolTipGenerator,n/a,n/a,n/a,n/a,n/a,n/a,n/a,1,n/a
org.jfree.chart.legend.LegendGraphic,16,315,100.00%,0,1,623,0,87,77
org.jfree.chart.legend.LegendGraphicTest,6,34,100.00%,0,1,147,0,40,5
org.jfree.chart.legend.LegendItem,62,501,98.28%,0,24,919,0,89,87
org.jfree.chart.legend.LegendItemBlockContainer,10,66,100.00%,0,2,122,0,22,11
org.jfree.chart.legend.LegendItemCollection,30,51,88.89%,0,1,99,0,19,12
org.jfree.chart.legend.LegendItemSource,n/a,n/a,n/a,n/a,n/a,n/a,n/a,1,n/a
org.jfree.chart.legend.LegendRenderingOrder,0,5,0.00%,0,2,9,n/a,2,0
org.jfree.chart.legend.LegendTitle,38,235,97.14%,0,2,545,0,124,64
org.jfree.chart.legend.LegendTitleTest,9,16,100.00%,0,3,86,0,27,4
org.jfree.chart.legend.PaintScaleLegend,25,236,100.00%,0,1,598,0,101,70
org.jfree.chart.legend.PaintScaleLegendTest,8,25,100.00%,0,4,107,0,30,4
org.jfree.chart.plot.CategoryCrosshairState,5,58,100.00%,0,1,119,0,15,13
org.jfree.chart.plot.CategoryMarker,10,70,100.00%,0,2,129,0,18,15
org.jfree.chart.plot.CategoryMarkerTest,6,30,100.00%,0,2,129,0,27,6
org.jfree.chart.plot.CategoryPlot,113,"2,071",99.11%,0,13,"4,415",2,451,597
org.jfree.chart.plot.CategoryPlotTest,40,179,83.78%,0,26,"1,043",0,186,37
org.jfree.chart.plot.CenterTextMode,2,6,0.00%,0,2,11,n/a,2,0
org.jfree.chart.plot.CombinedDomainCategoryPlot,21,220,100.00%,0,3,555,0,117,72
org.jfree.chart.plot.CombinedDomainCategoryPlotTest,16,46,100.00%,0,2,187,0,51,9
org.jfree.chart.plot.CombinedDomainXYPlot,25,260,100.00%,0,3,626,0,122,86
org.jfree.chart.plot.CombinedDomainXYPlotTest,16,51,100.00%,0,3,192,0,58,10
org.jfree.chart.plot.CombinedRangeCategoryPlot,22,174,100.00%,0,2,456,0,102,62
org.jfree.chart.plot.CombinedRangeCategoryPlotTest,15,45,100.00%,0,2,186,0,49,9
org.jfree.chart.plot.CombinedRangeXYPlot,23,237,100.00%,0,3,583,0,118,79
org.jfree.chart.plot.CombinedRangeXYPlotTest,16,49,100.00%,0,2,184,0,55,9
org.jfree.chart.plot.Crosshair,11,342,100.00%,0,1,618,0,67,57
org.jfree.chart.plot.CrosshairState,35,180,100.00%,0,1,287,2,22,27
org.jfree.chart.plot.CrosshairTest,5,18,100.00%,0,3,117,0,37,5
org.jfree.chart.plot.DatasetRenderingOrder,3,13,0.00%,0,2,17,n/a,2,0
org.jfree.chart.plot.DefaultDrawingSupplier,12,152,100.00%,0,2,410,0,35,44
org.jfree.chart.plot.DefaultDrawingSupplierTest,3,23,100.00%,0,3,123,0,19,3
org.jfree.chart.plot.DialShape,2,7,0.00%,0,2,12,n/a,2,0
org.jfree.chart.plot.DrawingSupplier,n/a,n/a,n/a,n/a,n/a,n/a,n/a,6,n/a
org.jfree.chart.plot.FastScatterPlot,25,431,100.00%,0,5,904,0,119,98
org.jfree.chart.plot.FastScatterPlotTest,7,26,100.00%,0,4,153,0,32,7
org.jfree.chart.plot.IntervalMarker,10,80,100.00%,0,3,152,0,19,17
org.jfree.chart.plot.IntervalMarkerTest,9,23,100.00%,0,4,86,0,23,6
org.jfree.chart.plot.Marker,27,300,100.00%,0,2,546,3,63,57
org.jfree.chart.plot.MarkerTest,11,87,100.00%,0,3,317,0,65,15
org.jfree.chart.plot.MeterInterval,8,74,100.00%,0,5,149,0,22,17
org.jfree.chart.plot.MeterIntervalTest,3,12,100.00%,0,3,48,0,11,3
org.jfree.chart.plot.MeterPlot,21,481,100.00%,0,3,"1,085",0,142,117
org.jfree.chart.plot.MeterPlotTest,7,38,100.00%,0,3,171,0,41,4
org.jfree.chart.plot.MyPlotChangeListener,4,21,100.00%,0,1,37,0,4,4
org.jfree.chart.plot.Pannable,n/a,n/a,n/a,n/a,n/a,n/a,n/a,5,n/a
org.jfree.chart.plot.Plot,102,626,100.00%,0,8,"1,223",13,136,154
org.jfree.chart.plot.PlotOrientation,102,19,50.00%,0,4,29,n/a,5,2
org.jfree.chart.plot.PlotOrientationTest,2,10,100.00%,0,1,27,0,6,2
org.jfree.chart.plot.PlotRenderingInfo,103,112,93.33%,0,3,215,0,32,25
org.jfree.chart.plot.PlotRenderingInfoTest,4,13,100.00%,0,3,61,0,21,3
org.jfree.chart.plot.PlotState,20,12,100.00%,0,1,21,0,3,2
org.jfree.chart.plot.PlotTest,5,25,100.00%,0,1,101,0,23,1
org.jfree.chart.plot.PolarAxisLocation,1,11,0.00%,0,2,21,n/a,2,0
org.jfree.chart.plot.PolarPlot,44,818,100.00%,0,13,"1,748",0,218,221
org.jfree.chart.plot.PolarPlotTest,14,20,62.50%,0,7,258,0,66,8
org.jfree.chart.plot.RingPlot,25,267,100.00%,0,2,569,0,111,62
org.jfree.chart.plot.RingPlotTest,4,18,100.00%,0,1,94,0,26,3
org.jfree.chart.plot.SeriesRenderingOrder,1,12,0.00%,0,2,16,n/a,2,0
org.jfree.chart.plot.SpiderWebPlot,29,567,100.00%,0,2,"1,216",0,177,127
org.jfree.chart.plot.SpiderWebPlotTest,12,47,100.00%,0,3,237,0,62,5
org.jfree.chart.plot.ThermometerPlot,27,644,100.00%,0,10,"1,367",0,161,153
org.jfree.chart.plot.ThermometerPlotTest,4,25,100.00%,0,3,125,0,32,4
org.jfree.chart.plot.ValueAxisPlot,n/a,n/a,n/a,n/a,n/a,n/a,n/a,1,n/a
org.jfree.chart.plot.ValueMarker,9,57,100.00%,0,1,96,0,11,10
org.jfree.chart.plot.ValueMarkerTest,10,26,100.00%,0,4,150,0,43,7
org.jfree.chart.plot.WaferMapPlot,15,120,100.00%,0,4,331,0,52,33
org.jfree.chart.plot.XYCrosshairState,1,7,100.00%,0,0,11,0,1,1
org.jfree.chart.plot.XYPlot,130,"2,210",98.31%,0,6,"4,893",2,462,645
org.jfree.chart.plot.XYPlotTest,41,226,82.98%,0,33,"1,173",0,196,47
org.jfree.chart.plot.Zoomable,n/a,n/a,n/a,n/a,n/a,n/a,n/a,9,n/a
org.jfree.chart.plot.compass.ArrowNeedle,5,42,100.00%,0,1,111,1,26,12
org.jfree.chart.plot.compass.ArrowNeedleTest,3,12,100.00%,0,3,39,0,11,3
org.jfree.chart.plot.compass.CompassPlot,25,300,100.00%,0,6,707,0,99,87
org.jfree.chart.plot.compass.CompassPlotTest,4,19,100.00%,0,2,77,0,21,3
org.jfree.chart.plot.compass.LineNeedle,4,33,100.00%,0,1,67,0,19,7
org.jfree.chart.plot.compass.LineNeedleTest,3,12,100.00%,0,3,35,0,9,3
org.jfree.chart.plot.compass.LongNeedle,3,38,100.00%,0,1,118,0,33,12
org.jfree.chart.plot.compass.LongNeedleTest,3,12,100.00%,0,3,35,0,10,3
org.jfree.chart.plot.compass.MeterNeedle,14,160,100.00%,0,5,320,8,53,40
org.jfree.chart.plot.compass.MeterNeedleTest,2,6,100.00%,0,1,43,0,12,1
org.jfree.chart.plot.compass.MiddlePinNeedle,3,35,100.00%,0,1,88,0,24,9
org.jfree.chart.plot.compass.MiddlePinNeedleTest,3,12,100.00%,0,3,35,0,9,3
org.jfree.chart.plot.compass.PinNeedle,3,35,100.00%,0,1,86,0,24,9
org.jfree.chart.plot.compass.PinNeedleTest,3,12,100.00%,0,3,35,0,9,3
org.jfree.chart.plot.compass.PlumNeedle,3,33,100.00%,0,1,77,0,24,8
org.jfree.chart.plot.compass.PlumNeedleTest,3,12,100.00%,0,3,35,0,9,3
org.jfree.chart.plot.compass.PointerNeedle,3,34,100.00%,0,1,98,0,30,11
org.jfree.chart.plot.compass.PointerNeedleTest,3,12,100.00%,0,3,35,0,9,3
org.jfree.chart.plot.compass.ShipNeedle,3,34,100.00%,0,1,76,0,23,8
org.jfree.chart.plot.compass.ShipNeedleTest,3,12,100.00%,0,3,35,0,9,3
org.jfree.chart.plot.compass.WindNeedle,4,29,100.00%,0,1,68,0,15,8
org.jfree.chart.plot.compass.WindNeedleTest,3,12,100.00%,0,3,35,0,10,3
org.jfree.chart.plot.dial.AbstractDialLayer,27,84,100.00%,0,1,150,9,22,15
org.jfree.chart.plot.dial.AbstractDialLayerTest,5,17,100.00%,0,3,51,0,17,3
org.jfree.chart.plot.dial.ArcDialFrame,11,204,100.00%,0,3,411,0,59,36
org.jfree.chart.plot.dial.ArcDialFrameTest,5,24,100.00%,0,4,95,0,29,4
org.jfree.chart.plot.dial.DialBackground,13,107,100.00%,0,2,190,0,30,18
org.jfree.chart.plot.dial.DialBackgroundTest,7,24,100.00%,0,1,90,0,26,4
org.jfree.chart.plot.dial.DialCap,12,139,100.00%,0,2,253,0,43,23
org.jfree.chart.plot.dial.DialCapTest,5,25,100.00%,0,2,101,0,27,4
org.jfree.chart.plot.dial.DialFrame,n/a,n/a,n/a,n/a,n/a,n/a,n/a,1,n/a
org.jfree.chart.plot.dial.DialLayer,n/a,n/a,n/a,n/a,n/a,n/a,n/a,6,n/a
org.jfree.chart.plot.dial.DialLayerChangeEvent,17,15,100.00%,0,1,25,0,3,2
org.jfree.chart.plot.dial.DialLayerChangeListener,n/a,n/a,n/a,n/a,n/a,n/a,n/a,1,n/a
org.jfree.chart.plot.dial.DialPlot,27,344,100.00%,0,6,695,0,91,80
org.jfree.chart.plot.dial.DialPlotTest,11,41,100.00%,0,4,204,0,41,10
org.jfree.chart.plot.dial.DialPointer,9,72,100.00%,0,3,129,2,15,14
org.jfree.chart.plot.dial.DialPointer.Pin,10,79,100.00%,0,1,160,0,42,15
org.jfree.chart.plot.dial.DialPointer.Pointer,10,97,100.00%,0,1,218,0,48,18
org.jfree.chart.plot.dial.DialPointerTest,7,28,100.00%,0,6,106,0,31,7
org.jfree.chart.plot.dial.DialScale,n/a,n/a,n/a,n/a,n/a,n/a,n/a,2,n/a
org.jfree.chart.plot.dial.DialTextAnnotation,12,167,100.00%,0,2,307,0,48,29
org.jfree.chart.plot.dial.DialTextAnnotationTest,5,25,100.00%,0,3,90,0,27,4
org.jfree.chart.plot.dial.DialValueIndicator,15,328,100.00%,0,2,626,0,90,60
org.jfree.chart.plot.dial.DialValueIndicatorTest,8,32,100.00%,0,4,129,0,37,4
org.jfree.chart.plot.dial.MyDialLayerChangeListener,12,11,100.00%,0,1,18,0,2,2
org.jfree.chart.plot.dial.StandardDialFrame,11,138,100.00%,0,2,268,0,47,24
org.jfree.chart.plot.dial.StandardDialFrameTest,5,21,100.00%,0,4,80,0,26,4
org.jfree.chart.plot.dial.StandardDialRange,11,175,100.00%,0,2,340,0,44,34
org.jfree.chart.plot.dial.StandardDialRangeTest,5,20,100.00%,0,4,73,0,24,4
org.jfree.chart.plot.dial.StandardDialScale,12,466,100.00%,0,2,860,0,82,81
org.jfree.chart.plot.dial.StandardDialScaleTest,5,41,100.00%,0,3,187,0,42,6
org.jfree.chart.plot.flow.FlowPlot,22,265,100.00%,0,2,684,0,120,88
org.jfree.chart.plot.flow.FlowPlotTest,8,27,33.33%,0,2,194,0,41,15
org.jfree.chart.plot.pie.AbstractPieLabelDistributor,4,37,100.00%,0,2,57,1,12,5
org.jfree.chart.plot.pie.MultiplePiePlot,33,185,100.00%,0,2,499,0,106,61
org.jfree.chart.plot.pie.MultiplePiePlotTest,12,28,100.00%,0,5,122,0,41,6
org.jfree.chart.plot.pie.PieLabelDistributor,3,58,100.00%,0,1,161,0,24,26
org.jfree.chart.plot.pie.PieLabelLinkStyle,4,7,0.00%,0,2,12,n/a,2,0
org.jfree.chart.plot.pie.PieLabelRecord,5,104,100.00%,0,7,215,0,19,29
org.jfree.chart.plot.pie.PieLabelRecordTest,3,12,100.00%,0,3,65,0,11,3
org.jfree.chart.plot.pie.PiePlot,50,"1,333",100.00%,0,2,"2,845",1,320,293
org.jfree.chart.plot.pie.PiePlotState,4,123,100.00%,0,10,200,0,22,21
org.jfree.chart.plot.pie.PiePlotTest,16,95,68.75%,0,14,524,0,108,16
org.jfree.chart.plot.pie.PiePlotTest.NullLegendLabelGenerator,3,0,0.00%,0,2,11,0,2,2
org.jfree.chart.renderer.AbstractRenderer,94,"1,504",100.00%,0,5,"2,698",4,219,310
org.jfree.chart.renderer.AbstractRendererTest,16,98,71.43%,0,3,605,0,109,14
org.jfree.chart.renderer.AbstractRendererTest.MyRendererChangeListener,3,7,50.00%,0,1,17,0,2,2
org.jfree.chart.renderer.AbstractRendererTest.TestRenderer,3,0,0.00%,0,1,7,0,2,1
org.jfree.chart.renderer.AreaRendererEndType,3,12,0.00%,0,2,17,n/a,2,0
org.jfree.chart.renderer.AreaRendererEndTypeTest,2,9,100.00%,0,1,25,0,5,2
org.jfree.chart.renderer.DefaultPolarItemRenderer,29,317,100.00%,0,1,763,0,132,88
org.jfree.chart.renderer.DefaultPolarItemRendererTest,4,15,100.00%,0,4,54,0,15,4
org.jfree.chart.renderer.GrayPaintScale,6,86,100.00%,0,1,162,0,16,17
org.jfree.chart.renderer.GrayPaintScaleTest,3,20,100.00%,0,5,78,0,21,5
org.jfree.chart.renderer.LookupPaintScale,12,89,100.00%,0,1,207,0,28,28
org.jfree.chart.renderer.LookupPaintScale.PaintItem,3,41,100.00%,0,1,89,0,10,11
org.jfree.chart.renderer.LookupPaintScaleTest,3,23,100.00%,0,1,124,0,23,6
org.jfree.chart.renderer.NotOutlierException,0,9,100.00%,0,0,14,0,2,1
org.jfree.chart.renderer.Outlier,5,82,100.00%,0,1,150,0,15,17
org.jfree.chart.renderer.OutlierList,4,71,100.00%,0,2,116,0,18,11
org.jfree.chart.renderer.OutlierListCollection,4,72,100.00%,0,3,117,0,17,12
org.jfree.chart.renderer.OutlierTest,1,15,100.00%,0,4,54,0,15,4
org.jfree.chart.renderer.PaintScale,n/a,n/a,n/a,n/a,n/a,n/a,n/a,3,n/a
org.jfree.chart.renderer.PolarItemRenderer,n/a,n/a,n/a,n/a,n/a,n/a,n/a,15,n/a
org.jfree.chart.renderer.RendererChangeDetector,4,25,100.00%,0,1,41,0,4,4
org.jfree.chart.renderer.RendererState,32,37,100.00%,0,2,64,3,7,7
org.jfree.chart.renderer.RendererUtils,5,59,100.00%,0,1,208,0,10,32
org.jfree.chart.renderer.RendererUtilsTest,5,73,100.00%,0,5,299,0,17,11
org.jfree.chart.renderer.WaferMapRenderer,8,110,100.00%,0,1,293,0,46,45
org.jfree.chart.renderer.category.AbstractCategoryItemRenderer,79,582,100.00%,0,10,"1,449",8,204,163
org.jfree.chart.renderer.category.AbstractCategoryItemRendererTest,13,51,72.73%,0,11,246,0,56,11
org.jfree.chart.renderer.category.AreaRenderer,22,71,100.00%,0,2,243,1,67,30
org.jfree.chart.renderer.category.AreaRendererTest,13,23,100.00%,0,6,87,0,35,6
org.jfree.chart.renderer.category.BarPainter,n/a,n/a,n/a,n/a,n/a,n/a,n/a,2,n/a
org.jfree.chart.renderer.category.BarRenderer,50,485,100.00%,0,7,"1,126",5,162,134
org.jfree.chart.renderer.category.BarRendererTest,20,46,100.00%,0,7,208,0,67,9
org.jfree.chart.renderer.category.BoxAndWhiskerRenderer,27,377,100.00%,0,3,933,0,137,101
org.jfree.chart.renderer.category.BoxAndWhiskerRendererTest,16,72,100.00%,0,16,436,0,70,22
org.jfree.chart.renderer.category.CategoryItemRenderer,n/a,n/a,n/a,n/a,n/a,n/a,n/a,135,n/a
org.jfree.chart.renderer.category.CategoryItemRendererState,25,87,100.00%,0,4,147,1,13,16
org.jfree.chart.renderer.category.CategoryStepRenderer,18,105,100.00%,0,3,250,0,56,28
org.jfree.chart.renderer.category.CategoryStepRenderer.State,3,13,100.00%,0,0,20,0,3,1
org.jfree.chart.renderer.category.CategoryStepRendererTest,10,22,100.00%,0,5,72,0,28,5
org.jfree.chart.renderer.category.DefaultCategoryItemRenderer,3,6,100.00%,0,0,10,0,0,0
org.jfree.chart.renderer.category.DefaultCategoryItemRendererTest,5,18,100.00%,0,5,56,0,15,5
org.jfree.chart.renderer.category.GanttRenderer,23,170,100.00%,0,2,497,0,68,55
org.jfree.chart.renderer.category.GanttRendererTest,4,18,100.00%,0,3,78,0,22,5
org.jfree.chart.renderer.category.GradientBarPainter,9,91,100.00%,0,1,294,0,34,31
org.jfree.chart.renderer.category.GradientBarPainterTest,3,16,100.00%,0,4,57,0,11,4
org.jfree.chart.renderer.category.GroupedStackedBarRenderer,23,79,100.00%,0,1,279,0,56,32
org.jfree.chart.renderer.category.GroupedStackedBarRendererTest,11,27,100.00%,0,6,111,0,32,6
org.jfree.chart.renderer.category.IntervalBarRenderer,19,66,100.00%,0,2,170,1,36,19
org.jfree.chart.renderer.category.IntervalBarRendererTest,13,30,100.00%,0,7,107,0,32,7
org.jfree.chart.renderer.category.LayeredBarRenderer,17,111,88.89%,0,2,373,0,67,55
org.jfree.chart.renderer.category.LayeredBarRendererTest,11,26,100.00%,0,6,89,0,29,6
org.jfree.chart.renderer.category.LevelRenderer,18,147,100.00%,0,1,348,0,69,35
org.jfree.chart.renderer.category.LevelRendererTest,11,39,100.00%,0,7,134,0,36,8
org.jfree.chart.renderer.category.LineAndShapeRenderer,27,357,100.00%,0,2,714,2,100,80
org.jfree.chart.renderer.category.LineAndShapeRendererTest,13,38,100.00%,0,7,202,0,48,20
org.jfree.chart.renderer.category.MinMaxCategoryRenderer,16,189,100.00%,0,2,428,0,54,47
org.jfree.chart.renderer.category.MinMaxCategoryRendererTest,10,25,100.00%,0,6,93,0,31,6
org.jfree.chart.renderer.category.ScatterRenderer,17,229,100.00%,0,2,472,0,84,53
org.jfree.chart.renderer.category.ScatterRendererTest,8,33,100.00%,0,6,138,0,33,11
org.jfree.chart.renderer.category.StackedAreaRenderer,18,118,100.00%,0,2,382,0,46,40
org.jfree.chart.renderer.category.StackedAreaRendererTest,7,22,100.00%,0,6,81,0,25,6
org.jfree.chart.renderer.category.StackedBarRenderer,25,93,100.00%,0,2,288,1,57,37
org.jfree.chart.renderer.category.StackedBarRendererTest,7,22,100.00%,0,6,82,0,25,6
org.jfree.chart.renderer.category.StandardBarPainter,8,61,100.00%,0,2,156,0,25,21
org.jfree.chart.renderer.category.StandardBarPainterTest,3,16,100.00%,0,4,45,0,10,4
org.jfree.chart.renderer.category.StatisticalBarRenderer,22,148,100.00%,0,2,451,0,56,54
org.jfree.chart.renderer.category.StatisticalBarRendererTest,14,54,100.00%,0,10,208,0,41,11
org.jfree.chart.renderer.category.StatisticalLineAndShapeRenderer,21,122,100.00%,0,2,363,0,71,45
org.jfree.chart.renderer.category.StatisticalLineAndShapeRendererTest,12,33,100.00%,0,8,128,0,38,8
org.jfree.chart.renderer.category.WaterfallBarRenderer,24,134,100.00%,0,2,368,0,64,41
org.jfree.chart.renderer.category.WaterfallBarRendererTest,5,65,100.00%,0,5,129,0,25,6
org.jfree.chart.renderer.xy.AbstractXYItemRenderer,85,513,98.15%,0,11,"1,426",18,209,169
org.jfree.chart.renderer.xy.AbstractXYItemRendererTest,11,29,75.00%,0,7,113,0,39,8
org.jfree.chart.renderer.xy.CandlestickRenderer,25,352,100.00%,0,2,749,0,84,77
org.jfree.chart.renderer.xy.CandlestickRendererTest,9,35,100.00%,0,6,147,0,43,7
org.jfree.chart.renderer.xy.ClusteredXYBarRenderer,21,94,100.00%,0,2,272,0,53,33
org.jfree.chart.renderer.xy.ClusteredXYBarRendererTest,8,28,100.00%,0,6,109,0,26,7
org.jfree.chart.renderer.xy.CyclicXYItemRenderer,12,64,100.00%,0,1,235,0,18,36
org.jfree.chart.renderer.xy.CyclicXYItemRenderer.OverwriteDataSet,6,89,100.00%,0,5,153,0,16,15
org.jfree.chart.renderer.xy.DefaultXYItemRenderer,2,6,100.00%,0,0,10,0,0,0
org.jfree.chart.renderer.xy.DeviationRenderer,20,123,100.00%,0,4,264,1,51,28
org.jfree.chart.renderer.xy.DeviationRenderer.State,4,16,100.00%,0,0,25,0,3,1
org.jfree.chart.renderer.xy.DeviationRendererTest,4,19,100.00%,0,5,60,0,17,5
org.jfree.chart.renderer.xy.DeviationStepRenderer,17,74,100.00%,0,1,234,0,48,31
org.jfree.chart.renderer.xy.DeviationStepRendererTest,5,19,100.00%,0,5,60,0,17,5
org.jfree.chart.renderer.xy.GradientXYBarPainter,9,90,100.00%,0,1,293,0,33,31
org.jfree.chart.renderer.xy.GradientXYBarPainterTest,3,16,100.00%,0,4,57,0,11,4
org.jfree.chart.renderer.xy.HighLowRenderer,21,170,100.00%,0,2,386,0,53,48
org.jfree.chart.renderer.xy.HighLowRendererTest,9,28,100.00%,0,6,109,0,30,6
org.jfree.chart.renderer.xy.RendererXYPackageUtils,9,15,100.00%,0,2,41,0,8,2
org.jfree.chart.renderer.xy.SamplingXYLineRenderer,16,89,100.00%,0,2,214,0,43,20
org.jfree.chart.renderer.xy.SamplingXYLineRenderer.State,4,39,100.00%,0,1,62,0,5,2
org.jfree.chart.renderer.xy.StackedXYAreaRenderer,24,190,100.00%,0,4,457,0,86,55
org.jfree.chart.renderer.xy.StackedXYAreaRenderer.StackedXYAreaRendererState,3,47,100.00%,0,4,81,0,11,8
org.jfree.chart.renderer.xy.StackedXYAreaRenderer2,21,134,100.00%,0,2,436,0,47,44
org.jfree.chart.renderer.xy.StackedXYAreaRenderer2Test,15,27,100.00%,0,6,106,0,35,7
org.jfree.chart.renderer.xy.StackedXYAreaRendererTest,16,30,100.00%,0,8,147,0,39,8
org.jfree.chart.renderer.xy.StackedXYBarRenderer,24,116,100.00%,0,3,320,0,56,43
org.jfree.chart.renderer.xy.StackedXYBarRendererTest,14,26,100.00%,0,6,104,0,32,7
org.jfree.chart.renderer.xy.StandardXYBarPainter,8,61,100.00%,0,2,156,0,24,21
org.jfree.chart.renderer.xy.StandardXYBarPainterTest,3,16,100.00%,0,4,45,0,10,4
org.jfree.chart.renderer.xy.StandardXYItemRenderer,33,356,100.00%,0,1,767,1,117,91
org.jfree.chart.renderer.xy.StandardXYItemRenderer.State,3,38,100.00%,0,2,58,0,6,5
org.jfree.chart.renderer.xy.StandardXYItemRendererTest,18,29,100.00%,0,6,167,0,58,7
org.jfree.chart.renderer.xy.VectorRenderer,18,73,100.00%,0,2,262,0,40,30
org.jfree.chart.renderer.xy.VectorRendererTest,5,20,100.00%,0,5,61,0,17,5
org.jfree.chart.renderer.xy.WindItemRenderer,14,38,100.00%,0,1,105,0,25,3
org.jfree.chart.renderer.xy.WindItemRendererTest,4,18,100.00%,0,5,54,0,15,5
org.jfree.chart.renderer.xy.XYAreaRenderer,30,217,100.00%,0,3,558,1,102,68
org.jfree.chart.renderer.xy.XYAreaRenderer.XYAreaRendererState,3,10,100.00%,0,0,19,0,4,1
org.jfree.chart.renderer.xy.XYAreaRenderer2,26,121,100.00%,0,2,325,1,80,32
org.jfree.chart.renderer.xy.XYAreaRenderer2Test,11,29,100.00%,0,7,131,0,40,7
org.jfree.chart.renderer.xy.XYAreaRendererTest,13,28,100.00%,0,7,165,0,44,7
org.jfree.chart.renderer.xy.XYBarPainter,n/a,n/a,n/a,n/a,n/a,n/a,n/a,2,n/a
org.jfree.chart.renderer.xy.XYBarRenderer,40,405,100.00%,0,7,977,2,143,125
org.jfree.chart.renderer.xy.XYBarRenderer.XYBarRendererState,4,19,100.00%,0,1,31,0,4,3
org.jfree.chart.renderer.xy.XYBarRendererTest,25,55,100.00%,0,9,263,0,74,11
org.jfree.chart.renderer.xy.XYBlockRenderer,21,193,100.00%,0,1,428,0,58,50
org.jfree.chart.renderer.xy.XYBlockRendererTest,11,37,100.00%,0,9,138,0,39,9
org.jfree.chart.renderer.xy.XYBoxAndWhiskerRenderer,25,265,100.00%,0,2,660,0,95,65
org.jfree.chart.renderer.xy.XYBoxAndWhiskerRendererTest,9,23,100.00%,0,6,99,0,34,6
org.jfree.chart.renderer.xy.XYBubbleRenderer,20,84,100.00%,0,2,258,0,61,30
org.jfree.chart.renderer.xy.XYBubbleRendererTest,10,22,100.00%,0,6,101,0,28,6
org.jfree.chart.renderer.xy.XYDifferenceRenderer,28,315,100.00%,0,4,985,0,107,92
org.jfree.chart.renderer.xy.XYDifferenceRendererTest,11,30,100.00%,0,3,129,0,38,7
org.jfree.chart.renderer.xy.XYDotRenderer,19,132,100.00%,0,2,280,0,55,30
org.jfree.chart.renderer.xy.XYDotRendererTest,11,23,100.00%,0,6,105,0,33,6
org.jfree.chart.renderer.xy.XYErrorRenderer,16,169,100.00%,0,3,358,0,48,35
org.jfree.chart.renderer.xy.XYErrorRendererTest,5,35,100.00%,0,7,123,0,30,9
org.jfree.chart.renderer.xy.XYItemRenderer,n/a,n/a,n/a,n/a,n/a,n/a,n/a,132,n/a
org.jfree.chart.renderer.xy.XYItemRendererState,40,98,100.00%,0,3,129,6,9,7
org.jfree.chart.renderer.xy.XYLineAndShapeRenderer,39,486,97.78%,0,3,952,6,122,107
org.jfree.chart.renderer.xy.XYLineAndShapeRenderer.State,9,38,100.00%,0,1,60,2,8,4
org.jfree.chart.renderer.xy.XYLineAndShapeRendererTest,19,31,100.00%,0,8,206,0,64,9
org.jfree.chart.renderer.xy.XYShapeRenderer,24,256,100.00%,0,5,494,0,80,52
org.jfree.chart.renderer.xy.XYShapeRendererTest,8,21,100.00%,0,4,113,0,36,5
org.jfree.chart.renderer.xy.XYSplineRenderer,16,155,92.31%,0,2,373,0,51,46
org.jfree.chart.renderer.xy.XYSplineRenderer.FillType,2,7,0.00%,0,2,13,n/a,2,0
org.jfree.chart.renderer.xy.XYSplineRenderer.XYSplineState,3,11,100.00%,0,0,20,0,4,1
org.jfree.chart.renderer.xy.XYSplineRendererTest,8,18,100.00%,0,5,75,0,22,5
org.jfree.chart.renderer.xy.XYStepAreaRenderer,19,236,100.00%,0,2,509,0,58,62
org.jfree.chart.renderer.xy.XYStepAreaRendererTest,10,25,100.00%,0,6,111,0,32,6
org.jfree.chart.renderer.xy.XYStepRenderer,21,112,100.00%,0,1,255,0,40,28
org.jfree.chart.renderer.xy.XYStepRendererTest,10,29,100.00%,0,7,128,0,30,7
org.jfree.chart.renderer.xy.YIntervalRenderer,21,100,100.00%,0,2,215,0,52,18
org.jfree.chart.renderer.xy.YIntervalRendererTest,19,25,100.00%,0,5,158,0,47,6
org.jfree.chart.swing.AbstractOverlay,5,34,100.00%,0,1,61,1,12,7
org.jfree.chart.swing.ApplicationFrame,0,52,100.00%,0,7,83,0,13,9
org.jfree.chart.swing.ChartFrame,2,23,100.00%,0,1,43,0,8,4
org.jfree.chart.swing.ChartMouseEvent,5,33,100.00%,0,3,55,0,5,4
org.jfree.chart.swing.ChartMouseListener,n/a,n/a,n/a,n/a,n/a,n/a,n/a,2,n/a
org.jfree.chart.swing.ChartPanel,31,"1,141",100.00%,0,7,"2,628",1,336,272
org.jfree.chart.swing.ChartPanelTest,12,79,94.74%,0,7,276,0,71,19
org.jfree.chart.swing.CrosshairOverlay,17,138,90.00%,0,2,505,0,90,83
org.jfree.chart.swing.CrosshairOverlayTest,4,12,100.00%,0,2,43,0,17,3
org.jfree.chart.swing.DefaultSelectionZoomStrategy,3,47,11.11%,0,2,192,0,40,27
org.jfree.chart.swing.MouseWheelHandler,7,39,100.00%,0,1,92,0,22,12
org.jfree.chart.swing.NumberCellRenderer,1,21,100.00%,0,1,45,0,10,4
org.jfree.chart.swing.Overlay,n/a,n/a,n/a,n/a,n/a,n/a,n/a,3,n/a
org.jfree.chart.swing.OverlayChangeEvent,3,9,100.00%,0,0,13,0,2,1
org.jfree.chart.swing.OverlayChangeListener,n/a,n/a,n/a,n/a,n/a,n/a,n/a,1,n/a
org.jfree.chart.swing.PolarChartPanel,5,63,100.00%,0,2,171,0,32,18
org.jfree.chart.swing.SelectionZoomStrategy,n/a,n/a,n/a,n/a,n/a,n/a,n/a,15,n/a
org.jfree.chart.swing.UIUtils,1,69,90.00%,0,5,138,0,38,13
org.jfree.chart.swing.editor.ChartEditor,n/a,n/a,n/a,n/a,n/a,n/a,n/a,1,n/a
org.jfree.chart.swing.editor.ChartEditorFactory,n/a,n/a,n/a,n/a,n/a,n/a,n/a,1,n/a
org.jfree.chart.swing.editor.ChartEditorManager,6,28,100.00%,0,1,43,0,7,4
org.jfree.chart.swing.editor.DefaultAxisEditor,12,186,100.00%,0,3,386,1,74,28
org.jfree.chart.swing.editor.DefaultChartEditor,11,54,100.00%,0,1,178,0,50,11
org.jfree.chart.swing.editor.DefaultChartEditorFactory,5,13,100.00%,0,1,21,0,3,2
org.jfree.chart.swing.editor.DefaultLogAxisEditor,6,31,85.71%,0,1,104,0,34,12
org.jfree.chart.swing.editor.DefaultNumberAxisEditor,7,19,42.86%,0,1,104,0,42,12
org.jfree.chart.swing.editor.DefaultPlotEditor,18,159,100.00%,0,1,495,1,90,67
org.jfree.chart.swing.editor.DefaultPolarPlotEditor,7,42,77.78%,0,2,140,0,39,14
org.jfree.chart.swing.editor.DefaultTitleEditor,8,62,100.00%,0,1,198,0,57,19
org.jfree.chart.swing.editor.DefaultValueAxisEditor,9,105,100.00%,0,2,314,2,65,33
org.jfree.chart.swing.editor.FontChooserPanel,2,42,100.00%,0,1,143,0,39,15
org.jfree.chart.swing.editor.FontDisplayField,2,30,100.00%,0,1,55,0,11,5
org.jfree.chart.swing.editor.LCBLayout,7,62,100.00%,0,5,202,0,17,28
org.jfree.chart.swing.editor.PaintSample,5,30,100.00%,0,2,64,0,15,5
org.jfree.chart.swing.editor.StrokeChooserPanel,4,26,100.00%,0,1,49,0,16,4
org.jfree.chart.swing.editor.StrokeSample,3,47,100.00%,0,2,105,0,22,8
org.jfree.chart.text.AttributedStringUtils,2,18,100.00%,0,1,56,0,8,9
org.jfree.chart.text.G2TextMeasurer,6,18,100.00%,0,1,32,0,6,2
org.jfree.chart.text.TextAnchor,51,67,80.00%,0,3,117,n/a,10,8
org.jfree.chart.text.TextBlock,17,108,100.00%,0,1,231,0,31,27
org.jfree.chart.text.TextBlockAnchor,12,12,0.00%,0,2,23,n/a,2,0
org.jfree.chart.text.TextBox,9,147,100.00%,0,1,334,0,61,47
org.jfree.chart.text.TextFragment,7,115,100.00%,0,1,226,0,43,28
org.jfree.chart.text.TextLine,8,87,100.00%,0,1,186,0,33,24
org.jfree.chart.text.TextMeasurer,n/a,n/a,n/a,n/a,n/a,n/a,n/a,1,n/a
org.jfree.chart.text.TextUtils,38,280,100.00%,0,3,658,0,89,76
org.jfree.chart.text.format.HMSNumberFormat,1,39,100.00%,0,2,65,0,8,4
org.jfree.chart.text.format.HMSNumberFormatTest,1,3,0.00%,0,1,15,0,4,1
org.jfree.chart.text.format.HexNumberFormat,0,56,100.00%,0,2,97,0,14,9
org.jfree.chart.text.format.LogFormat,2,90,100.00%,0,2,181,0,20,20
org.jfree.chart.text.format.LogFormatTest,3,15,100.00%,0,4,62,0,16,4
org.jfree.chart.text.format.RelativeDateFormat,2,237,100.00%,0,2,457,0,46,46
org.jfree.chart.text.format.RelativeDateFormatTest,1,29,100.00%,0,7,147,0,40,8
org.jfree.chart.title.CompositeTitle,13,91,100.00%,0,2,171,0,40,18
org.jfree.chart.title.CompositeTitleTest,9,22,100.00%,0,3,95,0,31,5
org.jfree.chart.title.DateTitle,7,82,100.00%,0,1,107,0,12,5
org.jfree.chart.title.DateTitleTest,4,15,100.00%,0,4,63,0,19,4
org.jfree.chart.title.ImageTitle,9,119,100.00%,0,1,283,0,49,30
org.jfree.chart.title.ImageTitleTest,0,78,100.00%,0,1,83,0,1,1
org.jfree.chart.title.ShortTextTitle,9,69,100.00%,0,2,178,0,41,24
org.jfree.chart.title.ShortTextTitleTest,4,15,100.00%,0,4,50,0,15,4
org.jfree.chart.title.TextTitle,38,296,100.00%,0,1,730,2,101,99
org.jfree.chart.title.TextTitleTest,4,21,100.00%,0,4,93,0,27,4
org.jfree.chart.title.Title,30,180,100.00%,0,3,340,5,38,36
org.jfree.chart.title.TitleTest,5,10,100.00%,0,2,43,0,11,2
org.jfree.chart.urls.CategoryURLGenerator,n/a,n/a,n/a,n/a,n/a,n/a,n/a,1,n/a
org.jfree.chart.urls.CustomCategoryURLGenerator,4,56,100.00%,0,1,138,0,16,22
org.jfree.chart.urls.CustomCategoryURLGeneratorTest,4,24,100.00%,0,5,100,0,23,5
org.jfree.chart.urls.CustomPieURLGenerator,5,74,100.00%,0,1,157,0,22,20
org.jfree.chart.urls.CustomPieURLGeneratorTest,4,17,100.00%,0,4,60,0,16,4
org.jfree.chart.urls.CustomXYURLGenerator,4,58,100.00%,0,1,141,0,18,22
org.jfree.chart.urls.CustomXYURLGeneratorTest,4,24,100.00%,0,5,100,0,23,5
org.jfree.chart.urls.PieURLGenerator,n/a,n/a,n/a,n/a,n/a,n/a,n/a,1,n/a
org.jfree.chart.urls.StandardCategoryURLGenerator,15,58,100.00%,0,1,136,0,18,16
org.jfree.chart.urls.StandardCategoryURLGeneratorTest,4,16,100.00%,0,4,65,0,14,4
org.jfree.chart.urls.StandardPieURLGenerator,6,47,100.00%,0,1,109,0,13,13
org.jfree.chart.urls.StandardPieURLGeneratorTest,4,16,100.00%,0,4,69,0,14,4
org.jfree.chart.urls.StandardXYURLGenerator,7,47,100.00%,0,1,100,1,8,11
org.jfree.chart.urls.StandardXYURLGeneratorTest,3,10,100.00%,0,2,23,0,6,2
org.jfree.chart.urls.StandardXYZURLGenerator,4,12,100.00%,0,1,19,0,2,1
org.jfree.chart.urls.TimeSeriesURLGenerator,6,58,100.00%,0,1,140,0,22,17
org.jfree.chart.urls.TimeSeriesURLGeneratorTest,4,16,100.00%,0,4,74,0,16,4
org.jfree.chart.urls.XYURLGenerator,n/a,n/a,n/a,n/a,n/a,n/a,n/a,1,n/a
org.jfree.chart.urls.XYZURLGenerator,n/a,n/a,n/a,n/a,n/a,n/a,n/a,1,n/a
org.jfree.chart.util.AttrStringUtils,5,82,37.50%,0,2,256,0,33,32
org.jfree.chart.util.DefaultShadowGenerator,7,91,100.00%,0,1,241,0,30,28
org.jfree.chart.util.DirectionalGradientPaintTransformer,1,42,100.00%,0,1,86,0,16,10
org.jfree.chart.util.ExportUtils,2,64,100.00%,0,4,159,0,24,8
org.jfree.chart.util.GradientPaintTransformType,10,7,0.00%,0,2,13,n/a,2,0
org.jfree.chart.util.GradientPaintTransformer,n/a,n/a,n/a,n/a,n/a,n/a,n/a,1,n/a
org.jfree.chart.util.PaintAlpha,1,191,100.00%,0,1,309,0,57,27
org.jfree.chart.util.ShadowGenerator,n/a,n/a,n/a,n/a,n/a,n/a,n/a,3,n/a
org.jfree.chart.util.StandardGradientPaintTransformer,19,50,100.00%,0,1,123,0,22,16
org.jfree.chart.util.StringUtils,2,28,100.00%,0,3,52,0,7,6
org.jfree.data.ComparableObjectItem,16,62,100.00%,0,2,114,5,14,13
org.jfree.data.ComparableObjectItemTest,3,22,100.00%,0,5,72,0,17,5
org.jfree.data.ComparableObjectSeries,22,182,100.00%,0,1,380,6,45,50
org.jfree.data.ComparableObjectSeriesTest,5,27,100.00%,0,5,115,0,25,5
org.jfree.data.ComparableObjectSeriesTest.MyComparableObjectSeries,3,12,50.00%,0,2,29,0,8,4
org.jfree.data.DataUtils,13,87,100.00%,0,6,208,0,21,32
org.jfree.data.DataUtilsTest,3,24,100.00%,0,3,173,0,21,7
org.jfree.data.DatasetChangeConfirmation,6,3,0.00%,0,1,10,0,1,1
org.jfree.data.DefaultKeyedValue,6,58,100.00%,0,2,109,0,14,13
org.jfree.data.DefaultKeyedValueTest,3,22,100.00%,0,5,77,0,18,5
org.jfree.data.DefaultKeyedValues,16,175,100.00%,0,1,366,0,52,43
org.jfree.data.DefaultKeyedValues2D,13,217,100.00%,0,1,464,0,55,56
org.jfree.data.DefaultKeyedValues2DTest,4,50,100.00%,0,13,255,0,39,14
org.jfree.data.DefaultKeyedValuesTest,5,85,100.00%,0,16,386,0,48,18
org.jfree.data.DomainInfo,n/a,n/a,n/a,n/a,n/a,n/a,n/a,3,n/a
org.jfree.data.DomainOrder,13,6,0.00%,0,2,11,n/a,2,0
org.jfree.data.DomainOrderTest,2,12,100.00%,0,1,44,0,9,3
org.jfree.data.ItemKey,n/a,n/a,n/a,n/a,n/a,n/a,n/a,1,n/a
org.jfree.data.KeyToGroupMap,7,91,92.31%,0,1,245,0,40,34
org.jfree.data.KeyToGroupMapTest,3,53,100.00%,0,8,171,0,23,8
org.jfree.data.KeyedObject,3,44,85.71%,0,2,96,0,11,12
org.jfree.data.KeyedObjectTest,4,19,100.00%,0,4,65,0,15,4
org.jfree.data.KeyedObjects,6,131,100.00%,0,1,274,0,35,37
org.jfree.data.KeyedObjects2D,8,183,100.00%,0,1,421,0,47,56
org.jfree.data.KeyedObjects2DTest,4,50,100.00%,0,11,308,0,33,11
org.jfree.data.KeyedObjectsTest,5,55,100.00%,0,10,271,0,31,10
org.jfree.data.KeyedValue,n/a,n/a,n/a,n/a,n/a,n/a,n/a,1,n/a
org.jfree.data.KeyedValueComparator,6,32,100.00%,0,1,111,0,11,18
org.jfree.data.KeyedValueComparatorType,2,6,0.00%,0,2,10,n/a,2,0
org.jfree.data.KeyedValues,n/a,n/a,n/a,n/a,n/a,n/a,n/a,4,n/a
org.jfree.data.KeyedValues2D,n/a,n/a,n/a,n/a,n/a,n/a,n/a,7,n/a
org.jfree.data.KeyedValues2DItemKey,4,34,50.00%,0,1,102,0,16,13
org.jfree.data.KeyedValuesItemKey,2,23,50.00%,0,1,68,0,13,9
org.jfree.data.Range,139,191,95.65%,0,1,383,1,29,50
org.jfree.data.RangeInfo,n/a,n/a,n/a,n/a,n/a,n/a,n/a,3,n/a
org.jfree.data.RangeTest,2,52,100.00%,0,9,261,0,38,13
org.jfree.data.RangeType,3,7,0.00%,0,2,12,n/a,2,0
org.jfree.data.RangeTypeTest,2,12,100.00%,0,1,44,0,9,3
org.jfree.data.UnknownKeyException,20,8,100.00%,0,0,13,0,2,1
org.jfree.data.Value,n/a,n/a,n/a,n/a,n/a,n/a,n/a,1,n/a
org.jfree.data.Values,n/a,n/a,n/a,n/a,n/a,n/a,n/a,2,n/a
org.jfree.data.Values2D,n/a,n/a,n/a,n/a,n/a,n/a,n/a,3,n/a
org.jfree.data.category.CategoryDataset,n/a,n/a,n/a,n/a,n/a,n/a,n/a,0,n/a
org.jfree.data.category.CategoryRangeInfo,n/a,n/a,n/a,n/a,n/a,n/a,n/a,1,n/a
org.jfree.data.category.CategoryToPieDataset,14,112,100.00%,0,2,258,0,29,39
org.jfree.data.category.CategoryToPieDatasetTest,5,43,100.00%,0,1,152,0,27,6
org.jfree.data.category.DefaultCategoryDataset,41,219,100.00%,0,1,357,1,55,35
org.jfree.data.category.DefaultCategoryDatasetTest,5,54,100.00%,0,14,293,0,39,14
org.jfree.data.category.DefaultIntervalCategoryDataset,10,327,96.97%,0,2,697,0,49,83
org.jfree.data.category.DefaultIntervalCategoryDatasetTest,4,79,100.00%,0,20,376,0,50,20
org.jfree.data.category.IntervalCategoryDataset,n/a,n/a,n/a,n/a,n/a,n/a,n/a,4,n/a
org.jfree.data.category.SlidingCategoryDataset,7,156,95.00%,0,1,299,0,40,34
org.jfree.data.category.SlidingCategoryDatasetTest,5,33,100.00%,0,9,198,0,33,9
org.jfree.data.flow.DefaultFlowDataset,8,134,94.12%,0,3,301,0,50,42
org.jfree.data.flow.DefaultFlowDatasetTest,3,24,100.00%,0,6,76,0,19,6
org.jfree.data.flow.FlowDataset,n/a,n/a,n/a,n/a,n/a,n/a,n/a,8,n/a
org.jfree.data.flow.FlowDatasetUtils,5,70,85.71%,0,4,156,0,19,26
org.jfree.data.flow.FlowKey,11,55,87.50%,0,3,116,0,13,14
org.jfree.data.flow.FlowKeyTest,2,12,100.00%,0,3,43,0,11,3
org.jfree.data.flow.NodeKey,9,49,85.71%,0,2,100,0,12,12
org.jfree.data.flow.NodeKeyTest,2,14,100.00%,0,3,45,0,11,3
org.jfree.data.function.Function2D,n/a,n/a,n/a,n/a,n/a,n/a,n/a,1,n/a
org.jfree.data.function.LineFunction2D,4,44,100.00%,0,1,83,0,7,9
org.jfree.data.function.LineFunction2DTest,2,16,100.00%,0,4,47,0,13,4
org.jfree.data.function.NormalDistributionFunction2D,3,44,100.00%,0,2,91,0,10,10
org.jfree.data.function.NormalDistributionFunction2DTest,2,16,100.00%,0,4,53,0,13,4
org.jfree.data.function.PolynomialFunction2D,5,44,100.00%,0,1,77,0,11,8
org.jfree.data.function.PolynomialFunction2DTest,2,24,100.00%,0,6,82,0,16,6
org.jfree.data.function.PowerFunction2D,3,44,100.00%,0,1,83,0,8,9
org.jfree.data.function.PowerFunction2DTest,2,16,100.00%,0,4,47,0,13,4
org.jfree.data.gantt.GanttCategoryDataset,n/a,n/a,n/a,n/a,n/a,n/a,n/a,10,n/a
org.jfree.data.gantt.SlidingGanttCategoryDataset,8,296,100.00%,0,1,571,0,59,61
org.jfree.data.gantt.SlidingGanttCategoryDatasetTest,7,19,100.00%,0,4,118,0,26,6
org.jfree.data.gantt.Task,13,96,93.75%,0,4,185,0,27,22
org.jfree.data.gantt.TaskSeries,11,70,90.91%,0,1,141,0,28,17
org.jfree.data.gantt.TaskSeriesCollection,16,284,97.37%,0,1,587,0,70,64
org.jfree.data.gantt.TaskSeriesCollectionTest,7,109,100.00%,0,10,532,0,76,27
org.jfree.data.gantt.TaskSeriesTest,4,16,100.00%,0,4,67,0,17,4
org.jfree.data.gantt.TaskTest,4,15,100.00%,0,4,68,0,21,4
org.jfree.data.gantt.XYTaskDataset,11,207,77.42%,0,2,399,0,49,44
org.jfree.data.gantt.XYTaskDatasetTest,6,14,100.00%,0,3,80,0,21,3
org.jfree.data.general.AbstractDataset,55,116,100.00%,0,1,179,15,24,16
org.jfree.data.general.AbstractSeriesDataset,11,37,100.00%,0,2,63,3,8,5
org.jfree.data.general.Dataset,n/a,n/a,n/a,n/a,n/a,n/a,n/a,2,n/a
org.jfree.data.general.DatasetChangeEvent,34,23,100.00%,0,1,33,0,3,2
org.jfree.data.general.DatasetChangeListener,n/a,n/a,n/a,n/a,n/a,n/a,n/a,1,n/a
org.jfree.data.general.DatasetUtils,63,830,100.00%,0,17,"2,253",0,135,319
org.jfree.data.general.DatasetUtilsTest,33,262,98.46%,0,17,"1,271",0,174,65
org.jfree.data.general.DefaultHeatMapDataset,5,132,100.00%,0,3,264,0,22,32
org.jfree.data.general.DefaultHeatMapDatasetTest,6,22,100.00%,0,2,125,0,27,5
org.jfree.data.general.DefaultKeyedValueDataset,7,63,100.00%,0,1,136,0,19,20
org.jfree.data.general.DefaultKeyedValueDatasetTest,3,17,100.00%,0,4,57,0,14,4
org.jfree.data.general.DefaultKeyedValues2DDataset,3,8,100.00%,0,0,13,0,0,0
org.jfree.data.general.DefaultKeyedValues2DDatasetTest,4,11,100.00%,0,2,34,0,12,2
org.jfree.data.general.DefaultKeyedValuesDataset,3,6,100.00%,0,0,10,0,0,0
org.jfree.data.general.DefaultKeyedValuesDatasetTest,5,10,100.00%,0,2,33,0,10,2
org.jfree.data.general.DefaultPieDataset,25,161,100.00%,0,1,277,1,44,29
org.jfree.data.general.DefaultPieDatasetTest,6,28,100.00%,0,6,119,0,27,7
org.jfree.data.general.DefaultValueDataset,10,43,100.00%,0,1,81,0,14,10
org.jfree.data.general.HeatMapDataset,n/a,n/a,n/a,n/a,n/a,n/a,n/a,10,n/a
org.jfree.data.general.HeatMapUtils,6,34,100.00%,0,3,75,0,17,7
org.jfree.data.general.IntervalDataItem,1,4,0.00%,0,3,23,0,4,4
org.jfree.data.general.KeyedValueDataset,n/a,n/a,n/a,n/a,n/a,n/a,n/a,0,n/a
org.jfree.data.general.KeyedValues2DDataset,n/a,n/a,n/a,n/a,n/a,n/a,n/a,0,n/a
org.jfree.data.general.KeyedValuesDataset,n/a,n/a,n/a,n/a,n/a,n/a,n/a,0,n/a
org.jfree.data.general.PieDataset,n/a,n/a,n/a,n/a,n/a,n/a,n/a,0,n/a
org.jfree.data.general.Series,36,107,100.00%,0,3,182,6,23,19
org.jfree.data.general.SeriesChangeEvent,14,9,100.00%,0,0,15,0,2,1
org.jfree.data.general.SeriesChangeListener,n/a,n/a,n/a,n/a,n/a,n/a,n/a,1,n/a
org.jfree.data.general.SeriesDataset,n/a,n/a,n/a,n/a,n/a,n/a,n/a,3,n/a
org.jfree.data.general.SeriesException,7,9,100.00%,0,0,15,0,2,1
org.jfree.data.general.TestIntervalCategoryDataset,7,206,85.71%,0,1,391,0,57,43
org.jfree.data.general.TestIntervalXYZDataset,4,12,5.00%,0,7,95,0,21,20
org.jfree.data.general.ValueDataset,n/a,n/a,n/a,n/a,n/a,n/a,n/a,0,n/a
org.jfree.data.general.WaferMapDataset,5,129,100.00%,0,4,234,0,31,29
org.jfree.data.io.CSV,2,56,100.00%,0,1,140,0,19,16
org.jfree.data.json.JSONUtils,4,50,100.00%,0,2,141,0,17,14
org.jfree.data.json.impl.JSONArray,3,50,100.00%,0,2,116,0,16,13
org.jfree.data.json.impl.JSONAware,n/a,n/a,n/a,n/a,n/a,n/a,n/a,1,n/a
org.jfree.data.json.impl.JSONObject,3,68,100.00%,0,2,147,0,24,14
org.jfree.data.json.impl.JSONStreamAware,n/a,n/a,n/a,n/a,n/a,n/a,n/a,1,n/a
org.jfree.data.json.impl.JSONValue,5,137,100.00%,0,1,287,0,25,40
org.jfree.data.resources.DataPackageResources,0,10,100.00%,0,1,20,0,1,1
org.jfree.data.resources.DataPackageResources_de,0,9,100.00%,0,1,19,0,1,1
org.jfree.data.resources.DataPackageResources_es,0,9,100.00%,0,1,19,0,1,1
org.jfree.data.resources.DataPackageResources_fr,0,9,100.00%,0,1,19,0,1,1
org.jfree.data.resources.DataPackageResources_pl,0,9,100.00%,0,1,19,0,1,1
org.jfree.data.resources.DataPackageResources_ru,0,9,100.00%,0,1,19,0,1,1
org.jfree.data.statistics.BoxAndWhiskerCalculator,5,54,100.00%,0,1,159,0,18,19
org.jfree.data.statistics.BoxAndWhiskerCalculatorTest,2,19,100.00%,0,1,106,0,21,4
org.jfree.data.statistics.BoxAndWhiskerCategoryDataset,n/a,n/a,n/a,n/a,n/a,n/a,n/a,18,n/a
org.jfree.data.statistics.BoxAndWhiskerItem,10,103,92.86%,0,9,223,0,19,26
org.jfree.data.statistics.BoxAndWhiskerItemTest,2,9,100.00%,0,2,27,0,6,2
org.jfree.data.statistics.BoxAndWhiskerXYDataset,n/a,n/a,n/a,n/a,n/a,n/a,n/a,11,n/a
org.jfree.data.statistics.DefaultBoxAndWhiskerCategoryDataset,10,421,97.78%,0,1,824,2,81,82
org.jfree.data.statistics.DefaultBoxAndWhiskerCategoryDatasetTest,6,35,100.00%,0,8,199,0,43,9
org.jfree.data.statistics.DefaultBoxAndWhiskerXYDataset,9,248,96.43%,0,4,478,0,51,49
org.jfree.data.statistics.DefaultBoxAndWhiskerXYDatasetTest,5,24,100.00%,0,6,113,0,38,6
org.jfree.data.statistics.DefaultMultiValueCategoryDataset,10,149,95.00%,0,1,333,0,49,41
org.jfree.data.statistics.DefaultMultiValueCategoryDatasetTest,4,31,100.00%,0,8,175,0,26,8
org.jfree.data.statistics.DefaultStatisticalCategoryDataset,12,264,96.67%,0,1,617,0,62,65
org.jfree.data.statistics.DefaultStatisticalCategoryDatasetTest,5,44,100.00%,0,6,196,0,36,11
org.jfree.data.statistics.HistogramBin,2,50,88.89%,0,2,110,0,12,13
org.jfree.data.statistics.HistogramBinTest,3,12,100.00%,0,3,40,0,10,3
org.jfree.data.statistics.HistogramDataset,9,215,95.45%,0,1,415,0,43,43
org.jfree.data.statistics.HistogramDatasetTest,8,45,100.00%,0,6,179,0,29,11
org.jfree.data.statistics.HistogramType,1,6,0.00%,0,2,11,n/a,2,0
org.jfree.data.statistics.MeanAndStandardDeviation,2,64,88.89%,0,1,126,0,13,15
org.jfree.data.statistics.MeanAndStandardDeviationTest,2,12,100.00%,0,3,40,0,8,3
org.jfree.data.statistics.MultiValueCategoryDataset,n/a,n/a,n/a,n/a,n/a,n/a,n/a,2,n/a
org.jfree.data.statistics.Regression,4,72,100.00%,0,3,292,0,16,36
org.jfree.data.statistics.RegressionTest,4,44,100.00%,0,2,172,0,18,14
org.jfree.data.statistics.SimpleHistogramBin,4,89,91.67%,0,2,216,0,16,35
org.jfree.data.statistics.SimpleHistogramBinTest,3,19,100.00%,0,5,103,0,19,5
org.jfree.data.statistics.SimpleHistogramDataset,11,229,96.43%,0,4,403,0,51,43
org.jfree.data.statistics.SimpleHistogramDatasetTest,4,19,100.00%,0,5,68,0,22,5
org.jfree.data.statistics.StatisticalCategoryDataset,n/a,n/a,n/a,n/a,n/a,n/a,n/a,4,n/a
org.jfree.data.statistics.Statistics,4,151,100.00%,0,1,379,0,25,46
org.jfree.data.statistics.StatisticsTest,1,61,100.00%,0,11,349,0,28,12
org.jfree.data.time.DateRange,5,68,100.00%,0,2,107,0,16,9
org.jfree.data.time.DateRangeTest,2,16,100.00%,0,4,54,0,13,4
org.jfree.data.time.Day,26,213,95.83%,0,2,389,0,47,31
org.jfree.data.time.DayTest,5,116,85.29%,0,18,457,0,86,35
org.jfree.data.time.DynamicTimeSeriesCollection,14,408,100.00%,0,1,772,0,59,90
org.jfree.data.time.DynamicTimeSeriesCollection.ValueSequence,1,25,100.00%,0,1,43,0,4,5
org.jfree.data.time.FixedMillisecond,3,114,100.00%,0,2,221,0,20,24
org.jfree.data.time.FixedMillisecondTest,2,16,100.00%,0,4,45,0,16,4
org.jfree.data.time.Hour,11,213,100.00%,0,1,401,0,51,37
org.jfree.data.time.HourTest,5,102,87.10%,0,20,413,0,78,31
org.jfree.data.time.Millisecond,8,183,100.00%,0,1,370,0,46,36
org.jfree.data.time.MillisecondTest,8,90,85.19%,0,18,408,0,83,27
org.jfree.data.time.Minute,12,207,100.00%,0,2,406,0,52,36
org.jfree.data.time.MinuteTest,6,87,85.19%,0,18,388,0,76,27
org.jfree.data.time.Month,12,221,100.00%,0,2,452,0,45,47
org.jfree.data.time.MonthTest,7,116,85.71%,0,18,473,0,81,35
org.jfree.data.time.MovingAverage,11,96,100.00%,0,3,256,0,33,32
org.jfree.data.time.MovingAverageTest,4,13,100.00%,0,1,50,0,11,2
org.jfree.data.time.Quarter,7,207,100.00%,0,2,397,0,43,35
org.jfree.data.time.QuarterTest,5,123,86.11%,0,21,496,0,81,36
org.jfree.data.time.RegularTimePeriod,42,216,100.00%,0,9,318,10,34,24
org.jfree.data.time.Second,11,189,100.00%,0,2,378,0,52,38
org.jfree.data.time.SecondTest,7,83,84.62%,0,17,380,0,78,26
org.jfree.data.time.SimpleTimePeriod,8,75,100.00%,0,1,163,0,15,20
org.jfree.data.time.SimpleTimePeriodTest,2,26,100.00%,0,7,116,0,18,7
org.jfree.data.time.TimePeriod,n/a,n/a,n/a,n/a,n/a,n/a,n/a,2,n/a
org.jfree.data.time.TimePeriodAnchor,11,7,0.00%,0,2,12,n/a,2,0
org.jfree.data.time.TimePeriodAnchorTest,2,9,100.00%,0,1,23,0,5,2
org.jfree.data.time.TimePeriodFormatException,7,9,100.00%,0,0,14,0,2,1
org.jfree.data.time.TimePeriodValue,6,68,100.00%,0,2,130,0,15,17
org.jfree.data.time.TimePeriodValueTest,4,12,75.00%,0,4,40,0,14,4
org.jfree.data.time.TimePeriodValues,8,169,100.00%,0,1,382,0,44,44
org.jfree.data.time.TimePeriodValuesCollection,12,169,95.65%,0,1,366,0,56,41
org.jfree.data.time.TimePeriodValuesCollectionTest,8,32,100.00%,0,5,136,0,27,6
org.jfree.data.time.TimePeriodValuesTest,11,41,100.00%,0,12,188,0,48,12
org.jfree.data.time.TimePeriodValuesTest.MySeriesChangeListener,3,19,100.00%,0,1,35,0,4,4
org.jfree.data.time.TimeSeries,17,538,100.00%,0,1,"1,117",0,109,138
org.jfree.data.time.TimeSeriesCollection,22,305,100.00%,0,2,614,0,85,71
org.jfree.data.time.TimeSeriesCollectionTest,12,69,92.31%,0,10,366,0,71,13
org.jfree.data.time.TimeSeriesDataItem,6,90,100.00%,0,2,151,0,16,15
org.jfree.data.time.TimeSeriesDataItemTest,3,14,100.00%,0,3,42,0,9,3
org.jfree.data.time.TimeSeriesTableModel,5,78,100.00%,0,6,201,0,21,26
org.jfree.data.time.TimeSeriesTest,16,186,93.18%,0,21,955,0,115,44
org.jfree.data.time.TimeTableXYDataset,14,295,96.97%,0,1,510,0,67,51
org.jfree.data.time.TimeTableXYDatasetTest,5,23,100.00%,0,6,102,0,27,6
org.jfree.data.time.Week,5,258,100.00%,0,2,553,0,50,53
org.jfree.data.time.WeekTest,4,148,86.49%,0,14,596,0,88,37
org.jfree.data.time.Year,22,192,100.00%,0,2,327,0,32,26
org.jfree.data.time.YearTest,4,102,87.10%,0,22,419,0,73,31
org.jfree.data.time.ohlc.OHLC,3,50,100.00%,0,4,106,0,8,13
org.jfree.data.time.ohlc.OHLCItem,6,43,100.00%,0,2,91,0,15,11
org.jfree.data.time.ohlc.OHLCItemTest,5,23,100.00%,0,5,85,0,22,5
org.jfree.data.time.ohlc.OHLCSeries,8,54,100.00%,0,2,87,0,21,8
org.jfree.data.time.ohlc.OHLCSeriesCollection,14,233,100.00%,0,3,406,0,60,40
org.jfree.data.time.ohlc.OHLCSeriesCollectionTest,9,44,100.00%,0,7,171,0,33,9
org.jfree.data.time.ohlc.OHLCSeriesTest,9,45,100.00%,0,11,182,0,38,12
org.jfree.data.time.ohlc.OHLCTest,2,15,100.00%,0,4,59,0,11,4
org.jfree.data.xml.CategoryDatasetHandler,6,38,100.00%,0,2,80,0,16,9
org.jfree.data.xml.CategorySeriesHandler,5,39,100.00%,0,1,90,0,17,9
org.jfree.data.xml.DatasetReader,5,52,100.00%,0,1,111,0,17,7
org.jfree.data.xml.DatasetTags,n/a,n/a,n/a,n/a,n/a,n/a,n/a,0,n/a
org.jfree.data.xml.ItemHandler,6,50,100.00%,0,1,108,0,15,11
org.jfree.data.xml.KeyHandler,4,49,100.00%,0,1,98,0,18,9
org.jfree.data.xml.PieDatasetHandler,6,37,100.00%,0,2,76,0,15,9
org.jfree.data.xml.RootHandler,7,36,100.00%,0,1,71,2,12,10
org.jfree.data.xml.ValueHandler,4,47,100.00%,0,1,103,0,18,10
org.jfree.data.xy.AbstractIntervalXYDataset,19,40,100.00%,0,1,80,14,9,8
org.jfree.data.xy.AbstractXYDataset,17,27,100.00%,0,2,52,10,6,5
org.jfree.data.xy.AbstractXYZDataset,4,12,100.00%,0,1,24,2,3,2
org.jfree.data.xy.CategoryTableXYDataset,11,206,100.00%,0,2,341,0,55,33
org.jfree.data.xy.CategoryTableXYDatasetTest,6,26,100.00%,0,6,121,0,23,6
org.jfree.data.xy.DefaultHighLowDataset,6,208,100.00%,0,4,358,0,24,34
org.jfree.data.xy.DefaultHighLowDatasetTest,4,15,100.00%,0,4,119,0,14,4
org.jfree.data.xy.DefaultIntervalXYDataset,11,295,100.00%,0,1,483,0,39,34
org.jfree.data.xy.DefaultIntervalXYDatasetTest,5,65,100.00%,0,3,277,0,39,17
org.jfree.data.xy.DefaultOHLCDataset,9,157,100.00%,0,3,281,0,33,29
org.jfree.data.xy.DefaultOHLCDatasetTest,6,22,100.00%,0,6,92,0,22,6
org.jfree.data.xy.DefaultTableXYDataset,26,252,100.00%,0,2,532,0,89,69
org.jfree.data.xy.DefaultTableXYDatasetTest,8,25,100.00%,0,6,130,0,25,6
org.jfree.data.xy.DefaultWindDataset,7,130,100.00%,0,2,251,0,29,26
org.jfree.data.xy.DefaultWindDatasetTest,7,41,100.00%,0,2,125,0,24,8
org.jfree.data.xy.DefaultXYDataset,17,178,100.00%,0,2,316,4,33,29
org.jfree.data.xy.DefaultXYDatasetTest,4,37,100.00%,0,6,154,0,24,8
org.jfree.data.xy.DefaultXYZDataset,12,211,100.00%,0,2,359,0,36,29
org.jfree.data.xy.DefaultXYZDatasetTest,4,37,100.00%,0,6,160,0,24,8
org.jfree.data.xy.IntervalXYDataset,n/a,n/a,n/a,n/a,n/a,n/a,n/a,8,n/a
org.jfree.data.xy.IntervalXYDelegate,14,221,100.00%,0,1,390,0,38,40
org.jfree.data.xy.IntervalXYDelegateTest,5,12,100.00%,0,3,63,0,18,3
org.jfree.data.xy.IntervalXYZDataset,n/a,n/a,n/a,n/a,n/a,n/a,n/a,6,n/a
org.jfree.data.xy.MatrixSeries,6,89,100.00%,0,1,161,1,14,20
org.jfree.data.xy.MatrixSeriesCollection,9,129,100.00%,0,1,229,0,38,23
org.jfree.data.xy.MatrixSeriesCollectionTest,5,16,100.00%,0,4,62,0,17,4
org.jfree.data.xy.MatrixSeriesTest,3,21,100.00%,0,6,104,0,21,6
org.jfree.data.xy.NormalizedMatrixSeries,1,61,100.00%,0,1,95,0,12,6
org.jfree.data.xy.OHLCDataItem,6,70,100.00%,0,6,143,0,14,17
org.jfree.data.xy.OHLCDataItemTest,2,12,100.00%,0,3,32,0,8,3
org.jfree.data.xy.OHLCDataset,n/a,n/a,n/a,n/a,n/a,n/a,n/a,10,n/a
org.jfree.data.xy.TableXYDataset,n/a,n/a,n/a,n/a,n/a,n/a,n/a,1,n/a
org.jfree.data.xy.TableXYDatasetTest,5,67,100.00%,0,3,194,0,38,13
org.jfree.data.xy.Vector,4,45,100.00%,0,1,91,0,10,11
org.jfree.data.xy.VectorDataItem,6,39,100.00%,0,4,73,0,15,8
org.jfree.data.xy.VectorDataItemTest,4,16,100.00%,0,4,64,0,14,4
org.jfree.data.xy.VectorSeries,7,83,100.00%,0,3,123,0,20,10
org.jfree.data.xy.VectorSeriesCollection,12,153,100.00%,0,1,259,0,41,22
org.jfree.data.xy.VectorSeriesCollectionTest,7,21,100.00%,0,5,94,0,25,5
org.jfree.data.xy.VectorSeriesTest,8,51,100.00%,0,7,204,0,39,12
org.jfree.data.xy.VectorTest,2,16,100.00%,0,4,53,0,11,4
org.jfree.data.xy.VectorXYDataset,n/a,n/a,n/a,n/a,n/a,n/a,n/a,3,n/a
org.jfree.data.xy.WindDataItem,1,43,100.00%,0,3,100,0,9,14
org.jfree.data.xy.WindDataset,n/a,n/a,n/a,n/a,n/a,n/a,n/a,2,n/a
org.jfree.data.xy.XIntervalDataItem,5,31,100.00%,0,2,63,0,12,8
org.jfree.data.xy.XIntervalDataItemTest,3,19,100.00%,0,4,67,0,17,4
org.jfree.data.xy.XIntervalSeries,6,81,100.00%,0,2,117,0,17,9
org.jfree.data.xy.XIntervalSeriesCollection,11,185,100.00%,0,1,313,0,50,27
org.jfree.data.xy.XIntervalSeriesCollectionTest,7,30,100.00%,0,6,122,0,25,6
org.jfree.data.xy.XIntervalSeriesTest,7,55,100.00%,0,8,222,0,43,14
org.jfree.data.xy.XYBarDataset,12,195,100.00%,0,2,316,0,36,29
org.jfree.data.xy.XYBarDatasetTest,5,18,100.00%,0,4,77,0,16,4
org.jfree.data.xy.XYCoordinate,3,49,100.00%,0,1,118,0,10,17
org.jfree.data.xy.XYCoordinateTest,2,16,100.00%,0,4,53,0,11,4
org.jfree.data.xy.XYDataItem,4,95,100.00%,0,2,183,0,21,21
org.jfree.data.xy.XYDataItemTest,3,12,100.00%,0,3,39,0,12,3
org.jfree.data.xy.XYDataset,n/a,n/a,n/a,n/a,n/a,n/a,n/a,6,n/a
org.jfree.data.xy.XYDatasetTableModel,6,125,100.00%,0,3,193,0,20,17
org.jfree.data.xy.XYDomainInfo,n/a,n/a,n/a,n/a,n/a,n/a,n/a,1,n/a
org.jfree.data.xy.XYInterval,2,50,100.00%,0,5,106,0,7,14
org.jfree.data.xy.XYIntervalDataItem,4,43,100.00%,0,2,97,0,16,12
org.jfree.data.xy.XYIntervalDataItemTest,3,21,100.00%,0,4,84,0,21,4
org.jfree.data.xy.XYIntervalSeries,8,105,100.00%,0,2,150,0,21,11
org.jfree.data.xy.XYIntervalSeriesCollection,12,190,100.00%,0,1,313,0,47,27
org.jfree.data.xy.XYIntervalSeriesCollectionTest,5,29,100.00%,0,6,117,0,23,6
org.jfree.data.xy.XYIntervalSeriesTest,7,52,100.00%,0,8,214,0,44,13
org.jfree.data.xy.XYIntervalTest,2,12,100.00%,0,3,51,0,8,3
org.jfree.data.xy.XYItemKey,3,33,50.00%,0,1,98,0,17,13
org.jfree.data.xy.XYRangeInfo,n/a,n/a,n/a,n/a,n/a,n/a,n/a,1,n/a
org.jfree.data.xy.XYSeries,50,428,100.00%,0,1,842,0,82,100
org.jfree.data.xy.XYSeriesCollection,50,303,100.00%,0,1,650,0,97,81
org.jfree.data.xy.XYSeriesCollectionTest,10,69,87.50%,0,13,372,0,57,16
org.jfree.data.xy.XYSeriesTest,7,125,100.00%,0,17,631,0,84,36
org.jfree.data.xy.XYZDataset,n/a,n/a,n/a,n/a,n/a,n/a,n/a,2,n/a
org.jfree.data.xy.XisSymbolic,n/a,n/a,n/a,n/a,n/a,n/a,n/a,3,n/a
org.jfree.data.xy.YInterval,2,36,100.00%,0,3,75,0,5,10
org.jfree.data.xy.YIntervalDataItem,4,31,100.00%,0,2,66,0,12,8
org.jfree.data.xy.YIntervalDataItemTest,3,20,100.00%,0,4,68,0,19,4
org.jfree.data.xy.YIntervalSeries,8,83,100.00%,0,2,118,0,17,9
org.jfree.data.xy.YIntervalSeriesCollection,12,164,100.00%,0,1,277,0,42,24
org.jfree.data.xy.YIntervalSeriesCollectionTest,5,27,100.00%,0,6,109,0,23,6
org.jfree.data.xy.YIntervalSeriesTest,7,49,100.00%,0,8,200,0,39,12
org.jfree.data.xy.YIntervalTest,2,12,100.00%,0,3,43,0,8,3
org.jfree.data.xy.YWithXInterval,2,40,100.00%,0,3,79,0,5,10
org.jfree.data.xy.YWithXIntervalTest,2,12,100.00%,0,3,43,0,8,3
org.jfree.data.xy.YisSymbolic,n/a,n/a,n/a,n/a,n/a,n/a,n/a,3,n/a

