Javadoc coverage metrics,Wed., 19 Oct. 2022 18:53:36 EDT,
Class,Jf,JLOC,Jm
org.jfree.chart.ChartColor,100.00%,44,100.00%
org.jfree.chart.ChartFactory,100.00%,825,100.00%
org.jfree.chart.ChartHints,100.00%,15,0.00%
org.jfree.chart.ChartHints.Key,100.00%,17,100.00%
org.jfree.chart.ChartRenderingInfo,100.00%,99,92.31%
org.jfree.chart.ChartTransferable,100.00%,88,100.00%
org.jfree.chart.ChartUtils,100.00%,347,100.00%
org.jfree.chart.JFreeChart,100.00%,661,97.26%
org.jfree.chart.StandardChartTheme,100.00%,643,98.92%
org.jfree.chart.annotations.AbstractAnnotation,100.00%,95,100.00%
org.jfree.chart.annotations.AbstractXYAnnotation,100.00%,74,100.00%
org.jfree.chart.annotations.CategoryLineAnnotation,100.00%,155,100.00%
org.jfree.chart.annotations.CategoryPointerAnnotation,100.00%,205,100.00%
org.jfree.chart.annotations.CategoryTextAnnotation,100.00%,88,100.00%
org.jfree.chart.annotations.TextAnnotation,100.00%,139,100.00%
org.jfree.chart.annotations.XYBoxAnnotation,100.00%,130,100.00%
org.jfree.chart.annotations.XYDataImageAnnotation,100.00%,134,100.00%
org.jfree.chart.annotations.XYDrawableAnnotation,100.00%,88,100.00%
org.jfree.chart.annotations.XYImageAnnotation,100.00%,98,100.00%
org.jfree.chart.annotations.XYLineAnnotation,100.00%,114,100.00%
org.jfree.chart.annotations.XYPointerAnnotation,100.00%,206,100.00%
org.jfree.chart.annotations.XYPolygonAnnotation,100.00%,112,100.00%
org.jfree.chart.annotations.XYShapeAnnotation,100.00%,79,100.00%
org.jfree.chart.annotations.XYTextAnnotation,100.00%,265,100.00%
org.jfree.chart.annotations.XYTitleAnnotation,100.00%,111,100.00%
org.jfree.chart.api.HorizontalAlignment,100.00%,7,0.00%
org.jfree.chart.api.Layer,100.00%,5,0.00%
org.jfree.chart.api.LengthAdjustmentType,100.00%,7,0.00%
org.jfree.chart.api.RectangleAlignment,100.00%,21,33.33%
org.jfree.chart.api.RectangleAnchor,100.00%,30,50.00%
org.jfree.chart.api.RectangleEdge,100.00%,38,66.67%
org.jfree.chart.api.RectangleInsets,100.00%,211,100.00%
org.jfree.chart.api.Rotation,100.00%,21,50.00%
org.jfree.chart.api.SortOrder,100.00%,5,0.00%
org.jfree.chart.api.TableOrder,100.00%,5,0.00%
org.jfree.chart.api.UnitType,100.00%,5,0.00%
org.jfree.chart.api.VerticalAlignment,100.00%,7,0.00%
org.jfree.chart.api.XYCoordinateType,100.00%,12,0.00%
org.jfree.chart.axis.Axis,100.00%,706,100.00%
org.jfree.chart.axis.AxisCollection,100.00%,43,100.00%
org.jfree.chart.axis.AxisLabelLocation,100.00%,6,0.00%
org.jfree.chart.axis.AxisLocation,100.00%,20,50.00%
org.jfree.chart.axis.AxisSpace,100.00%,118,100.00%
org.jfree.chart.axis.AxisState,100.00%,74,100.00%
org.jfree.chart.axis.CategoryAnchor,100.00%,7,0.00%
org.jfree.chart.axis.CategoryAxis,100.00%,523,100.00%
org.jfree.chart.axis.CategoryLabelPosition,100.00%,93,100.00%
org.jfree.chart.axis.CategoryLabelPositions,100.00%,114,100.00%
org.jfree.chart.axis.CategoryLabelWidthType,100.00%,5,0.00%
org.jfree.chart.axis.CategoryTick,100.00%,42,100.00%
org.jfree.chart.axis.CompassFormat,100.00%,56,100.00%
org.jfree.chart.axis.CyclicNumberAxis,81.82%,337,100.00%
org.jfree.chart.axis.CyclicNumberAxis.CycleBoundTick,100.00%,17,100.00%
org.jfree.chart.axis.DateAxis,100.00%,454,100.00%
org.jfree.chart.axis.DateAxis.DefaultTimeline,100.00%,67,100.00%
org.jfree.chart.axis.DateTick,100.00%,42,100.00%
org.jfree.chart.axis.DateTickMarkPosition,100.00%,7,0.00%
org.jfree.chart.axis.DateTickUnit,100.00%,134,100.00%
org.jfree.chart.axis.DateTickUnitType,100.00%,21,50.00%
org.jfree.chart.axis.ExtendedCategoryAxis,100.00%,89,100.00%
org.jfree.chart.axis.LogAxis,100.00%,343,95.00%
org.jfree.chart.axis.LogTick,100.00%,19,100.00%
org.jfree.chart.axis.LogarithmicAxis,100.00%,247,100.00%
org.jfree.chart.axis.MarkerAxisBand,100.00%,63,100.00%
org.jfree.chart.axis.ModuloAxis,100.00%,148,100.00%
org.jfree.chart.axis.MonthDateFormat,100.00%,94,100.00%
org.jfree.chart.axis.NumberAxis,100.00%,370,100.00%
org.jfree.chart.axis.NumberTick,100.00%,30,100.00%
org.jfree.chart.axis.NumberTickUnit,100.00%,49,100.00%
org.jfree.chart.axis.NumberTickUnitSource,10.00%,20,25.00%
org.jfree.chart.axis.PeriodAxis,100.00%,375,100.00%
org.jfree.chart.axis.PeriodAxisLabelInfo,100.00%,126,100.00%
org.jfree.chart.axis.QuarterDateFormat,100.00%,58,100.00%
org.jfree.chart.axis.StandardTickUnitSource,100.00%,45,100.00%
org.jfree.chart.axis.SubCategoryAxis,100.00%,125,100.00%
org.jfree.chart.axis.SymbolAxis,100.00%,214,100.00%
org.jfree.chart.axis.Tick,100.00%,57,100.00%
org.jfree.chart.axis.TickType,100.00%,5,0.00%
org.jfree.chart.axis.TickUnit,100.00%,68,100.00%
org.jfree.chart.axis.TickUnits,100.00%,69,100.00%
org.jfree.chart.axis.ValueAxis,100.00%,706,100.00%
org.jfree.chart.axis.ValueTick,100.00%,46,100.00%
org.jfree.chart.block.AbstractBlock,100.00%,288,92.11%
org.jfree.chart.block.BlockBorder,100.00%,76,100.00%
org.jfree.chart.block.BlockContainer,100.00%,91,93.33%
org.jfree.chart.block.BlockParams,100.00%,56,100.00%
org.jfree.chart.block.BlockResult,100.00%,18,100.00%
org.jfree.chart.block.BorderArrangement,100.00%,94,100.00%
org.jfree.chart.block.CenterArrangement,100.00%,116,100.00%
org.jfree.chart.block.ColorBlock,100.00%,68,100.00%
org.jfree.chart.block.ColumnArrangement,100.00%,102,100.00%
org.jfree.chart.block.EmptyBlock,100.00%,43,100.00%
org.jfree.chart.block.FlowArrangement,100.00%,128,100.00%
org.jfree.chart.block.GridArrangement,100.00%,121,100.00%
org.jfree.chart.block.LabelBlock,100.00%,168,100.00%
org.jfree.chart.block.LengthConstraintType,100.00%,6,0.00%
org.jfree.chart.block.LineBorder,100.00%,60,100.00%
org.jfree.chart.block.RectangleConstraint,85.71%,136,100.00%
org.jfree.chart.block.Size2D,100.00%,63,100.00%
org.jfree.chart.date.SerialDate,100.00%,456,100.00%
org.jfree.chart.date.SpreadsheetDate,100.00%,188,100.00%
org.jfree.chart.encoders.EncoderUtil,100.00%,85,100.00%
org.jfree.chart.encoders.ImageEncoderFactory,100.00%,47,100.00%
org.jfree.chart.encoders.SunJPEGEncoderAdapter,100.00%,61,100.00%
org.jfree.chart.encoders.SunPNGEncoderAdapter,100.00%,44,100.00%
org.jfree.chart.entity.AxisEntity,100.00%,74,100.00%
org.jfree.chart.entity.CategoryItemEntity,100.00%,74,100.00%
org.jfree.chart.entity.CategoryLabelEntity,100.00%,37,100.00%
org.jfree.chart.entity.ChartEntity,100.00%,147,100.00%
org.jfree.chart.entity.FlowEntity,0.00%,31,80.00%
org.jfree.chart.entity.JFreeChartEntity,100.00%,73,100.00%
org.jfree.chart.entity.LegendItemEntity,100.00%,63,100.00%
org.jfree.chart.entity.NodeEntity,0.00%,30,100.00%
org.jfree.chart.entity.PieSectionEntity,100.00%,94,100.00%
org.jfree.chart.entity.PlotEntity,100.00%,73,100.00%
org.jfree.chart.entity.StandardEntityCollection,100.00%,69,91.67%
org.jfree.chart.entity.TickLabelEntity,100.00%,12,100.00%
org.jfree.chart.entity.TitleEntity,100.00%,73,100.00%
org.jfree.chart.entity.XYAnnotationEntity,100.00%,31,100.00%
org.jfree.chart.entity.XYItemEntity,100.00%,61,100.00%
org.jfree.chart.event.AnnotationChangeEvent,100.00%,17,100.00%
org.jfree.chart.event.AxisChangeEvent,100.00%,15,100.00%
org.jfree.chart.event.ChartChangeEvent,100.00%,46,100.00%
org.jfree.chart.event.ChartChangeEventType,100.00%,6,0.00%
org.jfree.chart.event.ChartProgressEvent,100.00%,45,100.00%
org.jfree.chart.event.ChartProgressEventType,100.00%,5,0.00%
org.jfree.chart.event.MarkerChangeEvent,100.00%,16,100.00%
org.jfree.chart.event.PlotChangeEvent,100.00%,17,100.00%
org.jfree.chart.event.RendererChangeEvent,100.00%,33,100.00%
org.jfree.chart.event.TitleChangeEvent,100.00%,14,100.00%
org.jfree.chart.imagemap.DynamicDriveToolTipTagFragmentGenerator,100.00%,24,100.00%
org.jfree.chart.imagemap.ImageMapUtils,100.00%,79,100.00%
org.jfree.chart.imagemap.OverLIBToolTipTagFragmentGenerator,100.00%,14,100.00%
org.jfree.chart.imagemap.StandardToolTipTagFragmentGenerator,100.00%,13,100.00%
org.jfree.chart.imagemap.StandardURLTagFragmentGenerator,100.00%,13,100.00%
org.jfree.chart.internal.Args,100.00%,45,100.00%
org.jfree.chart.internal.ArrayUtils,100.00%,47,100.00%
org.jfree.chart.internal.CloneUtils,100.00%,50,100.00%
org.jfree.chart.internal.HashUtils,100.00%,88,100.00%
org.jfree.chart.internal.LineUtils,100.00%,24,100.00%
org.jfree.chart.internal.PaintUtils,100.00%,42,100.00%
org.jfree.chart.internal.SerialUtils,100.00%,168,100.00%
org.jfree.chart.internal.ShapeUtils,100.00%,191,100.00%
org.jfree.chart.labels.AbstractCategoryItemLabelGenerator,100.00%,116,100.00%
org.jfree.chart.labels.AbstractPieItemLabelGenerator,100.00%,75,100.00%
org.jfree.chart.labels.AbstractXYItemLabelGenerator,100.00%,125,100.00%
org.jfree.chart.labels.BoxAndWhiskerToolTipGenerator,100.00%,46,100.00%
org.jfree.chart.labels.BoxAndWhiskerXYToolTipGenerator,100.00%,50,100.00%
org.jfree.chart.labels.BubbleXYItemLabelGenerator,100.00%,92,100.00%
org.jfree.chart.labels.CustomXYToolTipGenerator,100.00%,57,100.00%
org.jfree.chart.labels.HighLowItemLabelGenerator,100.00%,57,100.00%
org.jfree.chart.labels.IntervalCategoryItemLabelGenerator,100.00%,33,100.00%
org.jfree.chart.labels.IntervalCategoryToolTipGenerator,100.00%,41,83.33%
org.jfree.chart.labels.IntervalXYItemLabelGenerator,100.00%,84,90.00%
org.jfree.chart.labels.IntervalXYToolTipGenerator,100.00%,84,90.00%
org.jfree.chart.labels.ItemLabelAnchor,100.00%,29,0.00%
org.jfree.chart.labels.ItemLabelPosition,100.00%,59,88.89%
org.jfree.chart.labels.MultipleXYSeriesLabelGenerator,100.00%,65,100.00%
org.jfree.chart.labels.StandardCategoryItemLabelGenerator,100.00%,51,85.71%
org.jfree.chart.labels.StandardCategorySeriesLabelGenerator,100.00%,52,100.00%
org.jfree.chart.labels.StandardCategoryToolTipGenerator,100.00%,41,83.33%
org.jfree.chart.labels.StandardCrosshairLabelGenerator,100.00%,45,100.00%
org.jfree.chart.labels.StandardFlowLabelGenerator,100.00%,33,80.00%
org.jfree.chart.labels.StandardPieSectionLabelGenerator,100.00%,110,91.67%
org.jfree.chart.labels.StandardPieToolTipGenerator,100.00%,56,100.00%
org.jfree.chart.labels.StandardXYItemLabelGenerator,100.00%,80,90.00%
org.jfree.chart.labels.StandardXYSeriesLabelGenerator,100.00%,58,100.00%
org.jfree.chart.labels.StandardXYToolTipGenerator,100.00%,80,90.00%
org.jfree.chart.labels.StandardXYZToolTipGenerator,100.00%,86,90.00%
org.jfree.chart.labels.SymbolicXYItemLabelGenerator,100.00%,51,100.00%
org.jfree.chart.legend.LegendGraphic,100.00%,315,100.00%
org.jfree.chart.legend.LegendItem,100.00%,476,98.28%
org.jfree.chart.legend.LegendItemBlockContainer,100.00%,65,100.00%
org.jfree.chart.legend.LegendItemCollection,100.00%,51,88.89%
org.jfree.chart.legend.LegendRenderingOrder,100.00%,5,0.00%
org.jfree.chart.legend.LegendTitle,100.00%,234,97.14%
org.jfree.chart.legend.PaintScaleLegend,100.00%,234,100.00%
org.jfree.chart.plot.CategoryCrosshairState,100.00%,58,100.00%
org.jfree.chart.plot.CategoryMarker,100.00%,70,100.00%
org.jfree.chart.plot.CategoryPlot,100.00%,"2,000",99.11%
org.jfree.chart.plot.CenterTextMode,100.00%,6,0.00%
org.jfree.chart.plot.CombinedDomainCategoryPlot,100.00%,201,100.00%
org.jfree.chart.plot.CombinedDomainXYPlot,100.00%,233,100.00%
org.jfree.chart.plot.CombinedRangeCategoryPlot,100.00%,155,100.00%
org.jfree.chart.plot.CombinedRangeXYPlot,100.00%,213,100.00%
org.jfree.chart.plot.Crosshair,100.00%,340,100.00%
org.jfree.chart.plot.CrosshairState,100.00%,179,100.00%
org.jfree.chart.plot.DatasetRenderingOrder,100.00%,13,0.00%
org.jfree.chart.plot.DefaultDrawingSupplier,100.00%,142,100.00%
org.jfree.chart.plot.DialShape,100.00%,7,0.00%
org.jfree.chart.plot.FastScatterPlot,100.00%,410,100.00%
org.jfree.chart.plot.IntervalMarker,100.00%,80,100.00%
org.jfree.chart.plot.Marker,100.00%,300,100.00%
org.jfree.chart.plot.MeterInterval,100.00%,74,100.00%
org.jfree.chart.plot.MeterPlot,100.00%,470,100.00%
org.jfree.chart.plot.Plot,100.00%,608,100.00%
org.jfree.chart.plot.PlotOrientation,100.00%,19,50.00%
org.jfree.chart.plot.PlotRenderingInfo,100.00%,112,93.33%
org.jfree.chart.plot.PlotState,100.00%,12,100.00%
org.jfree.chart.plot.PolarAxisLocation,100.00%,11,0.00%
org.jfree.chart.plot.PolarPlot,100.00%,784,100.00%
org.jfree.chart.plot.RingPlot,100.00%,260,100.00%
org.jfree.chart.plot.SeriesRenderingOrder,100.00%,12,0.00%
org.jfree.chart.plot.SpiderWebPlot,100.00%,532,100.00%
org.jfree.chart.plot.ThermometerPlot,100.00%,621,100.00%
org.jfree.chart.plot.ValueMarker,100.00%,57,100.00%
org.jfree.chart.plot.WaferMapPlot,100.00%,100,100.00%
org.jfree.chart.plot.XYCrosshairState,100.00%,7,100.00%
org.jfree.chart.plot.XYPlot,100.00%,"2,126",98.31%
org.jfree.chart.plot.compass.ArrowNeedle,100.00%,42,100.00%
org.jfree.chart.plot.compass.CompassPlot,100.00%,287,100.00%
org.jfree.chart.plot.compass.LineNeedle,100.00%,32,100.00%
org.jfree.chart.plot.compass.LongNeedle,100.00%,35,100.00%
org.jfree.chart.plot.compass.MeterNeedle,100.00%,160,100.00%
org.jfree.chart.plot.compass.MiddlePinNeedle,100.00%,32,100.00%
org.jfree.chart.plot.compass.PinNeedle,100.00%,32,100.00%
org.jfree.chart.plot.compass.PlumNeedle,100.00%,32,100.00%
org.jfree.chart.plot.compass.PointerNeedle,100.00%,33,100.00%
org.jfree.chart.plot.compass.ShipNeedle,100.00%,33,100.00%
org.jfree.chart.plot.compass.WindNeedle,100.00%,28,100.00%
org.jfree.chart.plot.dial.AbstractDialLayer,100.00%,83,100.00%
org.jfree.chart.plot.dial.ArcDialFrame,100.00%,204,100.00%
org.jfree.chart.plot.dial.DialBackground,100.00%,107,100.00%
org.jfree.chart.plot.dial.DialCap,100.00%,139,100.00%
org.jfree.chart.plot.dial.DialLayerChangeEvent,100.00%,15,100.00%
org.jfree.chart.plot.dial.DialPlot,100.00%,336,100.00%
org.jfree.chart.plot.dial.DialPointer,100.00%,72,100.00%
org.jfree.chart.plot.dial.DialPointer.Pin,100.00%,79,100.00%
org.jfree.chart.plot.dial.DialPointer.Pointer,100.00%,97,100.00%
org.jfree.chart.plot.dial.DialTextAnnotation,100.00%,166,100.00%
org.jfree.chart.plot.dial.DialValueIndicator,100.00%,318,100.00%
org.jfree.chart.plot.dial.StandardDialFrame,100.00%,138,100.00%
org.jfree.chart.plot.dial.StandardDialRange,100.00%,175,100.00%
org.jfree.chart.plot.dial.StandardDialScale,100.00%,447,100.00%
org.jfree.chart.plot.flow.FlowPlot,71.43%,249,100.00%
org.jfree.chart.plot.pie.AbstractPieLabelDistributor,100.00%,37,100.00%
org.jfree.chart.plot.pie.MultiplePiePlot,100.00%,169,100.00%
org.jfree.chart.plot.pie.PieLabelDistributor,100.00%,56,100.00%
org.jfree.chart.plot.pie.PieLabelLinkStyle,100.00%,7,0.00%
org.jfree.chart.plot.pie.PieLabelRecord,100.00%,104,100.00%
org.jfree.chart.plot.pie.PiePlot,100.00%,"1,286",100.00%
org.jfree.chart.plot.pie.PiePlotState,100.00%,123,100.00%
org.jfree.chart.renderer.AbstractRenderer,100.00%,"1,440",100.00%
org.jfree.chart.renderer.AreaRendererEndType,100.00%,12,0.00%
org.jfree.chart.renderer.DefaultPolarItemRenderer,100.00%,304,100.00%
org.jfree.chart.renderer.GrayPaintScale,100.00%,84,100.00%
org.jfree.chart.renderer.LookupPaintScale,100.00%,86,100.00%
org.jfree.chart.renderer.LookupPaintScale.PaintItem,100.00%,41,100.00%
org.jfree.chart.renderer.NotOutlierException,100.00%,9,100.00%
org.jfree.chart.renderer.Outlier,100.00%,82,100.00%
org.jfree.chart.renderer.OutlierList,100.00%,71,100.00%
org.jfree.chart.renderer.OutlierListCollection,100.00%,72,100.00%
org.jfree.chart.renderer.RendererState,100.00%,37,100.00%
org.jfree.chart.renderer.RendererUtils,100.00%,40,100.00%
org.jfree.chart.renderer.WaferMapRenderer,100.00%,101,100.00%
org.jfree.chart.renderer.category.AbstractCategoryItemRenderer,100.00%,571,100.00%
org.jfree.chart.renderer.category.AreaRenderer,100.00%,65,100.00%
org.jfree.chart.renderer.category.BarRenderer,100.00%,457,100.00%
org.jfree.chart.renderer.category.BoxAndWhiskerRenderer,100.00%,339,100.00%
org.jfree.chart.renderer.category.CategoryItemRendererState,100.00%,87,100.00%
org.jfree.chart.renderer.category.CategoryStepRenderer,100.00%,92,100.00%
org.jfree.chart.renderer.category.CategoryStepRenderer.State,100.00%,13,100.00%
org.jfree.chart.renderer.category.DefaultCategoryItemRenderer,100.00%,5,100.00%
org.jfree.chart.renderer.category.GanttRenderer,100.00%,159,100.00%
org.jfree.chart.renderer.category.GradientBarPainter,100.00%,85,100.00%
org.jfree.chart.renderer.category.GroupedStackedBarRenderer,100.00%,75,100.00%
org.jfree.chart.renderer.category.IntervalBarRenderer,100.00%,58,100.00%
org.jfree.chart.renderer.category.LayeredBarRenderer,100.00%,84,88.89%
org.jfree.chart.renderer.category.LevelRenderer,100.00%,136,100.00%
org.jfree.chart.renderer.category.LineAndShapeRenderer,100.00%,344,100.00%
org.jfree.chart.renderer.category.MinMaxCategoryRenderer,100.00%,182,100.00%
org.jfree.chart.renderer.category.ScatterRenderer,100.00%,226,100.00%
org.jfree.chart.renderer.category.StackedAreaRenderer,100.00%,103,100.00%
org.jfree.chart.renderer.category.StackedBarRenderer,100.00%,87,100.00%
org.jfree.chart.renderer.category.StandardBarPainter,100.00%,56,100.00%
org.jfree.chart.renderer.category.StatisticalBarRenderer,100.00%,127,100.00%
org.jfree.chart.renderer.category.StatisticalLineAndShapeRenderer,100.00%,110,100.00%
org.jfree.chart.renderer.category.WaterfallBarRenderer,100.00%,125,100.00%
org.jfree.chart.renderer.xy.AbstractXYItemRenderer,100.00%,486,98.15%
org.jfree.chart.renderer.xy.CandlestickRenderer,100.00%,338,100.00%
org.jfree.chart.renderer.xy.ClusteredXYBarRenderer,100.00%,89,100.00%
org.jfree.chart.renderer.xy.CyclicXYItemRenderer,100.00%,53,100.00%
org.jfree.chart.renderer.xy.CyclicXYItemRenderer.OverwriteDataSet,66.67%,87,100.00%
org.jfree.chart.renderer.xy.DefaultXYItemRenderer,100.00%,5,100.00%
org.jfree.chart.renderer.xy.DeviationRenderer,100.00%,114,100.00%
org.jfree.chart.renderer.xy.DeviationRenderer.State,100.00%,16,100.00%
org.jfree.chart.renderer.xy.DeviationStepRenderer,100.00%,61,100.00%
org.jfree.chart.renderer.xy.GradientXYBarPainter,100.00%,85,100.00%
org.jfree.chart.renderer.xy.HighLowRenderer,100.00%,166,100.00%
org.jfree.chart.renderer.xy.SamplingXYLineRenderer,100.00%,80,100.00%
org.jfree.chart.renderer.xy.SamplingXYLineRenderer.State,100.00%,39,100.00%
org.jfree.chart.renderer.xy.StackedXYAreaRenderer,100.00%,165,100.00%
org.jfree.chart.renderer.xy.StackedXYAreaRenderer.StackedXYAreaRendererState,100.00%,47,100.00%
org.jfree.chart.renderer.xy.StackedXYAreaRenderer2,100.00%,121,100.00%
org.jfree.chart.renderer.xy.StackedXYBarRenderer,100.00%,104,100.00%
org.jfree.chart.renderer.xy.StandardXYBarPainter,100.00%,56,100.00%
org.jfree.chart.renderer.xy.StandardXYItemRenderer,100.00%,333,100.00%
org.jfree.chart.renderer.xy.StandardXYItemRenderer.State,100.00%,38,100.00%
org.jfree.chart.renderer.xy.VectorRenderer,100.00%,70,100.00%
org.jfree.chart.renderer.xy.WindItemRenderer,100.00%,37,100.00%
org.jfree.chart.renderer.xy.XYAreaRenderer,100.00%,192,100.00%
org.jfree.chart.renderer.xy.XYAreaRenderer.XYAreaRendererState,100.00%,10,100.00%
org.jfree.chart.renderer.xy.XYAreaRenderer2,100.00%,112,100.00%
org.jfree.chart.renderer.xy.XYBarRenderer,100.00%,397,100.00%
org.jfree.chart.renderer.xy.XYBarRenderer.XYBarRendererState,100.00%,19,100.00%
org.jfree.chart.renderer.xy.XYBlockRenderer,100.00%,191,100.00%
org.jfree.chart.renderer.xy.XYBoxAndWhiskerRenderer,100.00%,231,100.00%
org.jfree.chart.renderer.xy.XYBubbleRenderer,100.00%,81,100.00%
org.jfree.chart.renderer.xy.XYDifferenceRenderer,100.00%,256,100.00%
org.jfree.chart.renderer.xy.XYDotRenderer,100.00%,128,100.00%
org.jfree.chart.renderer.xy.XYErrorRenderer,100.00%,163,100.00%
org.jfree.chart.renderer.xy.XYItemRendererState,100.00%,97,100.00%
org.jfree.chart.renderer.xy.XYLineAndShapeRenderer,100.00%,466,97.78%
org.jfree.chart.renderer.xy.XYLineAndShapeRenderer.State,100.00%,38,100.00%
org.jfree.chart.renderer.xy.XYShapeRenderer,100.00%,249,100.00%
org.jfree.chart.renderer.xy.XYSplineRenderer,66.67%,129,92.31%
org.jfree.chart.renderer.xy.XYSplineRenderer.FillType,100.00%,7,0.00%
org.jfree.chart.renderer.xy.XYSplineRenderer.XYSplineState,100.00%,11,100.00%
org.jfree.chart.renderer.xy.XYStepAreaRenderer,100.00%,209,100.00%
org.jfree.chart.renderer.xy.XYStepRenderer,100.00%,98,100.00%
org.jfree.chart.renderer.xy.YIntervalRenderer,100.00%,93,100.00%
org.jfree.chart.swing.AbstractOverlay,100.00%,34,100.00%
org.jfree.chart.swing.ApplicationFrame,100.00%,46,100.00%
org.jfree.chart.swing.ChartFrame,100.00%,23,100.00%
org.jfree.chart.swing.ChartMouseEvent,100.00%,33,100.00%
org.jfree.chart.swing.ChartPanel,96.15%,"1,027",100.00%
org.jfree.chart.swing.CrosshairOverlay,100.00%,133,90.00%
org.jfree.chart.swing.DefaultSelectionZoomStrategy,87.50%,41,11.11%
org.jfree.chart.swing.MouseWheelHandler,100.00%,36,100.00%
org.jfree.chart.swing.NumberCellRenderer,100.00%,21,100.00%
org.jfree.chart.swing.OverlayChangeEvent,100.00%,8,100.00%
org.jfree.chart.swing.PolarChartPanel,100.00%,63,100.00%
org.jfree.chart.swing.UIUtils,100.00%,68,90.00%
org.jfree.chart.swing.editor.ChartEditorManager,100.00%,27,100.00%
org.jfree.chart.swing.editor.DefaultAxisEditor,100.00%,115,100.00%
org.jfree.chart.swing.editor.DefaultChartEditor,100.00%,54,100.00%
org.jfree.chart.swing.editor.DefaultChartEditorFactory,100.00%,13,100.00%
org.jfree.chart.swing.editor.DefaultLogAxisEditor,0.00%,30,85.71%
org.jfree.chart.swing.editor.DefaultNumberAxisEditor,0.00%,18,42.86%
org.jfree.chart.swing.editor.DefaultPlotEditor,88.24%,125,100.00%
org.jfree.chart.swing.editor.DefaultPolarPlotEditor,100.00%,40,77.78%
org.jfree.chart.swing.editor.DefaultTitleEditor,100.00%,62,100.00%
org.jfree.chart.swing.editor.DefaultValueAxisEditor,100.00%,103,100.00%
org.jfree.chart.swing.editor.FontChooserPanel,100.00%,42,100.00%
org.jfree.chart.swing.editor.FontDisplayField,100.00%,30,100.00%
org.jfree.chart.swing.editor.LCBLayout,100.00%,56,100.00%
org.jfree.chart.swing.editor.PaintSample,100.00%,30,100.00%
org.jfree.chart.swing.editor.StrokeChooserPanel,100.00%,22,100.00%
org.jfree.chart.swing.editor.StrokeSample,100.00%,42,100.00%
org.jfree.chart.text.AttributedStringUtils,100.00%,16,100.00%
org.jfree.chart.text.G2TextMeasurer,100.00%,18,100.00%
org.jfree.chart.text.TextAnchor,100.00%,67,80.00%
org.jfree.chart.text.TextBlock,100.00%,108,100.00%
org.jfree.chart.text.TextBlockAnchor,100.00%,12,0.00%
org.jfree.chart.text.TextBox,100.00%,147,100.00%
org.jfree.chart.text.TextFragment,100.00%,115,100.00%
org.jfree.chart.text.TextLine,100.00%,87,100.00%
org.jfree.chart.text.TextUtils,100.00%,269,100.00%
org.jfree.chart.text.format.HMSNumberFormat,0.00%,37,100.00%
org.jfree.chart.text.format.HexNumberFormat,100.00%,55,100.00%
org.jfree.chart.text.format.LogFormat,100.00%,89,100.00%
org.jfree.chart.text.format.RelativeDateFormat,100.00%,235,100.00%
org.jfree.chart.title.CompositeTitle,100.00%,90,100.00%
org.jfree.chart.title.DateTitle,100.00%,82,100.00%
org.jfree.chart.title.ImageTitle,100.00%,117,100.00%
org.jfree.chart.title.ShortTextTitle,100.00%,69,100.00%
org.jfree.chart.title.TextTitle,100.00%,290,100.00%
org.jfree.chart.title.Title,100.00%,179,100.00%
org.jfree.chart.urls.CustomCategoryURLGenerator,100.00%,56,100.00%
org.jfree.chart.urls.CustomPieURLGenerator,100.00%,74,100.00%
org.jfree.chart.urls.CustomXYURLGenerator,100.00%,58,100.00%
org.jfree.chart.urls.StandardCategoryURLGenerator,100.00%,54,100.00%
org.jfree.chart.urls.StandardPieURLGenerator,100.00%,46,100.00%
org.jfree.chart.urls.StandardXYURLGenerator,100.00%,46,100.00%
org.jfree.chart.urls.StandardXYZURLGenerator,100.00%,12,100.00%
org.jfree.chart.urls.TimeSeriesURLGenerator,100.00%,58,100.00%
org.jfree.chart.util.AttrStringUtils,100.00%,80,37.50%
org.jfree.chart.util.DefaultShadowGenerator,83.33%,85,100.00%
org.jfree.chart.util.DirectionalGradientPaintTransformer,100.00%,34,100.00%
org.jfree.chart.util.ExportUtils,100.00%,61,100.00%
org.jfree.chart.util.GradientPaintTransformType,100.00%,7,0.00%
org.jfree.chart.util.PaintAlpha,50.00%,153,100.00%
org.jfree.chart.util.StandardGradientPaintTransformer,100.00%,50,100.00%
org.jfree.chart.util.StringUtils,100.00%,28,100.00%
org.jfree.data.ComparableObjectItem,100.00%,62,100.00%
org.jfree.data.ComparableObjectSeries,100.00%,175,100.00%
org.jfree.data.DataUtils,100.00%,86,100.00%
org.jfree.data.DefaultKeyedValue,100.00%,58,100.00%
org.jfree.data.DefaultKeyedValues,100.00%,174,100.00%
org.jfree.data.DefaultKeyedValues2D,100.00%,204,100.00%
org.jfree.data.DomainOrder,100.00%,6,0.00%
org.jfree.data.KeyToGroupMap,100.00%,90,92.31%
org.jfree.data.KeyedObject,100.00%,44,85.71%
org.jfree.data.KeyedObjects,100.00%,130,100.00%
org.jfree.data.KeyedObjects2D,100.00%,181,100.00%
org.jfree.data.KeyedValueComparator,100.00%,32,100.00%
org.jfree.data.KeyedValueComparatorType,100.00%,6,0.00%
org.jfree.data.KeyedValues2DItemKey,100.00%,34,50.00%
org.jfree.data.KeyedValuesItemKey,100.00%,23,50.00%
org.jfree.data.Range,100.00%,190,95.65%
org.jfree.data.RangeType,100.00%,7,0.00%
org.jfree.data.UnknownKeyException,100.00%,8,100.00%
org.jfree.data.category.CategoryToPieDataset,100.00%,110,100.00%
org.jfree.data.category.DefaultCategoryDataset,100.00%,217,100.00%
org.jfree.data.category.DefaultIntervalCategoryDataset,100.00%,312,96.97%
org.jfree.data.category.SlidingCategoryDataset,100.00%,155,95.00%
org.jfree.data.flow.DefaultFlowDataset,100.00%,134,94.12%
org.jfree.data.flow.FlowDatasetUtils,100.00%,65,85.71%
org.jfree.data.flow.FlowKey,50.00%,53,87.50%
org.jfree.data.flow.NodeKey,66.67%,48,85.71%
org.jfree.data.function.LineFunction2D,100.00%,44,100.00%
org.jfree.data.function.NormalDistributionFunction2D,100.00%,43,100.00%
org.jfree.data.function.PolynomialFunction2D,100.00%,44,100.00%
org.jfree.data.function.PowerFunction2D,100.00%,44,100.00%
org.jfree.data.gantt.SlidingGanttCategoryDataset,100.00%,295,100.00%
org.jfree.data.gantt.Task,100.00%,96,93.75%
org.jfree.data.gantt.TaskSeries,100.00%,70,90.91%
org.jfree.data.gantt.TaskSeriesCollection,100.00%,276,97.37%
org.jfree.data.gantt.XYTaskDataset,100.00%,207,77.42%
org.jfree.data.general.AbstractDataset,100.00%,114,100.00%
org.jfree.data.general.AbstractSeriesDataset,100.00%,37,100.00%
org.jfree.data.general.DatasetChangeEvent,100.00%,23,100.00%
org.jfree.data.general.DatasetUtils,100.00%,773,100.00%
org.jfree.data.general.DefaultHeatMapDataset,100.00%,131,100.00%
org.jfree.data.general.DefaultKeyedValueDataset,100.00%,63,100.00%
org.jfree.data.general.DefaultKeyedValues2DDataset,100.00%,7,100.00%
org.jfree.data.general.DefaultKeyedValuesDataset,100.00%,5,100.00%
org.jfree.data.general.DefaultPieDataset,100.00%,161,100.00%
org.jfree.data.general.DefaultValueDataset,100.00%,43,100.00%
org.jfree.data.general.HeatMapUtils,100.00%,34,100.00%
org.jfree.data.general.Series,100.00%,107,100.00%
org.jfree.data.general.SeriesChangeEvent,100.00%,9,100.00%
org.jfree.data.general.SeriesException,100.00%,9,100.00%
org.jfree.data.general.WaferMapDataset,100.00%,128,100.00%
org.jfree.data.io.CSV,100.00%,50,100.00%
org.jfree.data.json.JSONUtils,100.00%,49,100.00%
org.jfree.data.json.impl.JSONArray,0.00%,50,100.00%
org.jfree.data.json.impl.JSONObject,0.00%,68,100.00%
org.jfree.data.json.impl.JSONValue,100.00%,59,100.00%
org.jfree.data.resources.DataPackageResources,100.00%,10,100.00%
org.jfree.data.resources.DataPackageResources_de,100.00%,9,100.00%
org.jfree.data.resources.DataPackageResources_es,100.00%,9,100.00%
org.jfree.data.resources.DataPackageResources_fr,100.00%,9,100.00%
org.jfree.data.resources.DataPackageResources_pl,100.00%,9,100.00%
org.jfree.data.resources.DataPackageResources_ru,100.00%,9,100.00%
org.jfree.data.statistics.BoxAndWhiskerCalculator,100.00%,54,100.00%
org.jfree.data.statistics.BoxAndWhiskerItem,100.00%,102,92.86%
org.jfree.data.statistics.DefaultBoxAndWhiskerCategoryDataset,100.00%,416,97.78%
org.jfree.data.statistics.DefaultBoxAndWhiskerXYDataset,100.00%,248,96.43%
org.jfree.data.statistics.DefaultMultiValueCategoryDataset,100.00%,148,95.00%
org.jfree.data.statistics.DefaultStatisticalCategoryDataset,100.00%,252,96.67%
org.jfree.data.statistics.HistogramBin,100.00%,50,88.89%
org.jfree.data.statistics.HistogramDataset,100.00%,205,95.45%
org.jfree.data.statistics.HistogramType,100.00%,6,0.00%
org.jfree.data.statistics.MeanAndStandardDeviation,100.00%,64,88.89%
org.jfree.data.statistics.Regression,100.00%,70,100.00%
org.jfree.data.statistics.SimpleHistogramBin,100.00%,88,91.67%
org.jfree.data.statistics.SimpleHistogramDataset,100.00%,228,96.43%
org.jfree.data.statistics.Statistics,100.00%,137,100.00%
org.jfree.data.time.DateRange,100.00%,68,100.00%
org.jfree.data.time.Day,100.00%,203,95.83%
org.jfree.data.time.DynamicTimeSeriesCollection,100.00%,342,100.00%
org.jfree.data.time.DynamicTimeSeriesCollection.ValueSequence,100.00%,25,100.00%
org.jfree.data.time.FixedMillisecond,100.00%,105,100.00%
org.jfree.data.time.Hour,100.00%,201,100.00%
org.jfree.data.time.Millisecond,100.00%,176,100.00%
org.jfree.data.time.Minute,100.00%,197,100.00%
org.jfree.data.time.Month,100.00%,208,100.00%
org.jfree.data.time.MovingAverage,100.00%,84,100.00%
org.jfree.data.time.Quarter,100.00%,195,100.00%
org.jfree.data.time.RegularTimePeriod,0.00%,214,100.00%
org.jfree.data.time.Second,100.00%,181,100.00%
org.jfree.data.time.SimpleTimePeriod,100.00%,75,100.00%
org.jfree.data.time.TimePeriodAnchor,100.00%,7,0.00%
org.jfree.data.time.TimePeriodFormatException,100.00%,9,100.00%
org.jfree.data.time.TimePeriodValue,100.00%,67,100.00%
org.jfree.data.time.TimePeriodValues,100.00%,169,100.00%
org.jfree.data.time.TimePeriodValuesCollection,100.00%,168,95.65%
org.jfree.data.time.TimeSeries,100.00%,508,100.00%
org.jfree.data.time.TimeSeriesCollection,100.00%,294,100.00%
org.jfree.data.time.TimeSeriesDataItem,100.00%,89,100.00%
org.jfree.data.time.TimeSeriesTableModel,100.00%,76,100.00%
org.jfree.data.time.TimeTableXYDataset,100.00%,289,96.97%
org.jfree.data.time.Week,100.00%,235,100.00%
org.jfree.data.time.Year,100.00%,182,100.00%
org.jfree.data.time.ohlc.OHLC,100.00%,50,100.00%
org.jfree.data.time.ohlc.OHLCItem,100.00%,43,100.00%
org.jfree.data.time.ohlc.OHLCSeries,100.00%,54,100.00%
org.jfree.data.time.ohlc.OHLCSeriesCollection,50.00%,227,100.00%
org.jfree.data.xml.CategoryDatasetHandler,100.00%,38,100.00%
org.jfree.data.xml.CategorySeriesHandler,100.00%,39,100.00%
org.jfree.data.xml.DatasetReader,100.00%,52,100.00%
org.jfree.data.xml.ItemHandler,100.00%,50,100.00%
org.jfree.data.xml.KeyHandler,100.00%,47,100.00%
org.jfree.data.xml.PieDatasetHandler,100.00%,37,100.00%
org.jfree.data.xml.RootHandler,100.00%,36,100.00%
org.jfree.data.xml.ValueHandler,100.00%,46,100.00%
org.jfree.data.xy.AbstractIntervalXYDataset,100.00%,40,100.00%
org.jfree.data.xy.AbstractXYDataset,100.00%,27,100.00%
org.jfree.data.xy.AbstractXYZDataset,100.00%,12,100.00%
org.jfree.data.xy.CategoryTableXYDataset,100.00%,203,100.00%
org.jfree.data.xy.DefaultHighLowDataset,100.00%,208,100.00%
org.jfree.data.xy.DefaultIntervalXYDataset,100.00%,293,100.00%
org.jfree.data.xy.DefaultOHLCDataset,100.00%,157,100.00%
org.jfree.data.xy.DefaultTableXYDataset,100.00%,245,100.00%
org.jfree.data.xy.DefaultWindDataset,100.00%,130,100.00%
org.jfree.data.xy.DefaultXYDataset,100.00%,176,100.00%
org.jfree.data.xy.DefaultXYZDataset,100.00%,209,100.00%
org.jfree.data.xy.IntervalXYDelegate,100.00%,211,100.00%
org.jfree.data.xy.MatrixSeries,100.00%,87,100.00%
org.jfree.data.xy.MatrixSeriesCollection,100.00%,123,100.00%
org.jfree.data.xy.NormalizedMatrixSeries,100.00%,54,100.00%
org.jfree.data.xy.OHLCDataItem,100.00%,70,100.00%
org.jfree.data.xy.Vector,100.00%,45,100.00%
org.jfree.data.xy.VectorDataItem,100.00%,39,100.00%
org.jfree.data.xy.VectorSeries,100.00%,82,100.00%
org.jfree.data.xy.VectorSeriesCollection,100.00%,148,100.00%
org.jfree.data.xy.WindDataItem,100.00%,43,100.00%
org.jfree.data.xy.XIntervalDataItem,100.00%,31,100.00%
org.jfree.data.xy.XIntervalSeries,100.00%,81,100.00%
org.jfree.data.xy.XIntervalSeriesCollection,100.00%,181,100.00%
org.jfree.data.xy.XYBarDataset,100.00%,195,100.00%
org.jfree.data.xy.XYCoordinate,100.00%,49,100.00%
org.jfree.data.xy.XYDataItem,100.00%,93,100.00%
org.jfree.data.xy.XYDatasetTableModel,100.00%,74,100.00%
org.jfree.data.xy.XYInterval,100.00%,50,100.00%
org.jfree.data.xy.XYIntervalDataItem,100.00%,43,100.00%
org.jfree.data.xy.XYIntervalSeries,100.00%,105,100.00%
org.jfree.data.xy.XYIntervalSeriesCollection,100.00%,186,100.00%
org.jfree.data.xy.XYItemKey,100.00%,33,50.00%
org.jfree.data.xy.XYSeries,100.00%,408,100.00%
org.jfree.data.xy.XYSeriesCollection,100.00%,293,100.00%
org.jfree.data.xy.YInterval,100.00%,36,100.00%
org.jfree.data.xy.YIntervalDataItem,100.00%,31,100.00%
org.jfree.data.xy.YIntervalSeries,100.00%,83,100.00%
org.jfree.data.xy.YIntervalSeriesCollection,100.00%,160,100.00%
org.jfree.data.xy.YWithXInterval,100.00%,40,100.00%