Lines of code metrics,Wed., 19 Oct. 2022 19:46:22 EDT,
Class,CLOC,JLOC,LOC
org.jfree.chart.ChartColor,44,44,111
org.jfree.chart.ChartFactory,834,825,"1,741"
org.jfree.chart.ChartHints,16,15,22
org.jfree.chart.ChartHints.Key,17,17,34
org.jfree.chart.ChartRenderingInfo,99,99,184
org.jfree.chart.ChartTransferable,95,88,187
org.jfree.chart.ChartUtils,358,347,573
org.jfree.chart.JFreeChart,682,661,"1,401"
org.jfree.chart.StandardChartTheme,662,643,"1,547"
org.jfree.chart.annotations.AbstractAnnotation,95,95,152
org.jfree.chart.annotations.AbstractXYAnnotation,74,74,141
org.jfree.chart.annotations.CategoryLineAnnotation,157,155,329
org.jfree.chart.annotations.CategoryPointerAnnotation,208,205,418
org.jfree.chart.annotations.CategoryTextAnnotation,88,88,195
org.jfree.chart.annotations.TextAnnotation,141,139,263
org.jfree.chart.annotations.XYBoxAnnotation,131,130,285
org.jfree.chart.annotations.XYDataImageAnnotation,141,134,282
org.jfree.chart.annotations.XYDrawableAnnotation,93,88,220
org.jfree.chart.annotations.XYImageAnnotation,102,98,216
org.jfree.chart.annotations.XYLineAnnotation,116,114,271
org.jfree.chart.annotations.XYPointerAnnotation,207,206,432
org.jfree.chart.annotations.XYPolygonAnnotation,115,112,261
org.jfree.chart.annotations.XYShapeAnnotation,84,79,211
org.jfree.chart.annotations.XYTextAnnotation,266,265,521
org.jfree.chart.annotations.XYTitleAnnotation,111,111,298
org.jfree.chart.api.HorizontalAlignment,7,7,12
org.jfree.chart.api.Layer,5,5,9
org.jfree.chart.api.LengthAdjustmentType,7,7,12
org.jfree.chart.api.RectangleAlignment,21,21,98
org.jfree.chart.api.RectangleAnchor,30,30,120
org.jfree.chart.api.RectangleEdge,38,38,78
org.jfree.chart.api.RectangleInsets,211,211,452
org.jfree.chart.api.Rotation,21,21,32
org.jfree.chart.api.SortOrder,5,5,9
org.jfree.chart.api.TableOrder,5,5,9
org.jfree.chart.api.UnitType,5,5,9
org.jfree.chart.api.VerticalAlignment,7,7,12
org.jfree.chart.api.XYCoordinateType,12,12,17
org.jfree.chart.axis.Axis,710,706,"1,457"
org.jfree.chart.axis.AxisCollection,43,43,87
org.jfree.chart.axis.AxisLabelLocation,6,6,11
org.jfree.chart.axis.AxisLocation,20,20,44
org.jfree.chart.axis.AxisSpace,118,118,301
org.jfree.chart.axis.AxisState,74,74,135
org.jfree.chart.axis.CategoryAnchor,7,7,12
org.jfree.chart.axis.CategoryAxis,535,523,"1,225"
org.jfree.chart.axis.CategoryLabelPosition,95,93,188
org.jfree.chart.axis.CategoryLabelPositions,134,114,324
org.jfree.chart.axis.CategoryLabelWidthType,5,5,9
org.jfree.chart.axis.CategoryTick,42,42,92
org.jfree.chart.axis.CompassFormat,56,56,99
org.jfree.chart.axis.CyclicNumberAxis,343,337,962
org.jfree.chart.axis.CyclicNumberAxis.CycleBoundTick,17,17,26
org.jfree.chart.axis.DateAxis,498,454,"1,487"
org.jfree.chart.axis.DateAxis.DefaultTimeline,67,67,110
org.jfree.chart.axis.DateTick,42,42,79
org.jfree.chart.axis.DateTickMarkPosition,7,7,12
org.jfree.chart.axis.DateTickUnit,142,134,274
org.jfree.chart.axis.DateTickUnitType,21,21,37
org.jfree.chart.axis.ExtendedCategoryAxis,89,89,177
org.jfree.chart.axis.LogAxis,368,343,906
org.jfree.chart.axis.LogTick,19,19,30
org.jfree.chart.axis.LogarithmicAxis,418,247,902
org.jfree.chart.axis.MarkerAxisBand,63,63,186
org.jfree.chart.axis.ModuloAxis,152,148,358
org.jfree.chart.axis.MonthDateFormat,97,94,181
org.jfree.chart.axis.NumberAxis,394,370,965
org.jfree.chart.axis.NumberTick,30,30,47
org.jfree.chart.axis.NumberTickUnit,49,49,100
org.jfree.chart.axis.NumberTickUnitSource,22,20,174
org.jfree.chart.axis.PeriodAxis,394,375,"1,024"
org.jfree.chart.axis.PeriodAxisLabelInfo,127,126,266
org.jfree.chart.axis.QuarterDateFormat,61,58,130
org.jfree.chart.axis.StandardTickUnitSource,45,45,81
org.jfree.chart.axis.SubCategoryAxis,130,125,344
org.jfree.chart.axis.SymbolAxis,227,214,619
org.jfree.chart.axis.Tick,57,57,117
org.jfree.chart.axis.TickType,5,5,9
org.jfree.chart.axis.TickUnit,68,68,130
org.jfree.chart.axis.TickUnits,69,69,135
org.jfree.chart.axis.ValueAxis,717,706,"1,462"
org.jfree.chart.axis.ValueTick,46,46,86
org.jfree.chart.block.AbstractBlock,291,288,536
org.jfree.chart.block.BlockBorder,78,76,166
org.jfree.chart.block.BlockContainer,93,91,207
org.jfree.chart.block.BlockParams,56,56,85
org.jfree.chart.block.BlockResult,18,18,31
org.jfree.chart.block.BorderArrangement,95,94,469
org.jfree.chart.block.CenterArrangement,126,116,260
org.jfree.chart.block.ColorBlock,68,68,129
org.jfree.chart.block.ColumnArrangement,115,102,313
org.jfree.chart.block.EmptyBlock,43,43,71
org.jfree.chart.block.FlowArrangement,143,128,368
org.jfree.chart.block.GridArrangement,131,121,368
org.jfree.chart.block.LabelBlock,169,168,326
org.jfree.chart.block.LengthConstraintType,6,6,11
org.jfree.chart.block.LineBorder,61,60,161
org.jfree.chart.block.RectangleConstraint,136,136,282
org.jfree.chart.block.Size2D,63,63,119
org.jfree.chart.date.SerialDate,466,456,815
org.jfree.chart.date.SpreadsheetDate,195,188,367
org.jfree.chart.encoders.EncoderUtil,85,85,134
org.jfree.chart.encoders.ImageEncoderFactory,47,47,96
org.jfree.chart.encoders.SunJPEGEncoderAdapter,62,61,109
org.jfree.chart.encoders.SunPNGEncoderAdapter,46,44,75
org.jfree.chart.entity.AxisEntity,77,74,146
org.jfree.chart.entity.CategoryItemEntity,74,74,133
org.jfree.chart.entity.CategoryLabelEntity,37,37,77
org.jfree.chart.entity.ChartEntity,153,147,319
org.jfree.chart.entity.FlowEntity,31,31,63
org.jfree.chart.entity.JFreeChartEntity,76,73,145
org.jfree.chart.entity.LegendItemEntity,63,63,114
org.jfree.chart.entity.NodeEntity,30,30,48
org.jfree.chart.entity.PieSectionEntity,94,94,169
org.jfree.chart.entity.PlotEntity,76,73,145
org.jfree.chart.entity.StandardEntityCollection,69,69,145
org.jfree.chart.entity.TickLabelEntity,12,12,19
org.jfree.chart.entity.TitleEntity,76,73,145
org.jfree.chart.entity.XYAnnotationEntity,31,31,63
org.jfree.chart.entity.XYItemEntity,61,61,114
org.jfree.chart.event.AnnotationChangeEvent,17,17,28
org.jfree.chart.event.AxisChangeEvent,16,15,25
org.jfree.chart.event.ChartChangeEvent,46,46,76
org.jfree.chart.event.ChartChangeEventType,6,6,11
org.jfree.chart.event.ChartProgressEvent,45,45,77
org.jfree.chart.event.ChartProgressEventType,5,5,9
org.jfree.chart.event.MarkerChangeEvent,17,16,26
org.jfree.chart.event.PlotChangeEvent,17,17,27
org.jfree.chart.event.RendererChangeEvent,33,33,51
org.jfree.chart.event.TitleChangeEvent,14,14,24
org.jfree.chart.imagemap.DynamicDriveToolTipTagFragmentGenerator,24,24,43
org.jfree.chart.imagemap.ImageMapUtils,80,79,195
org.jfree.chart.imagemap.OverLIBToolTipTagFragmentGenerator,14,14,26
org.jfree.chart.imagemap.StandardToolTipTagFragmentGenerator,13,13,24
org.jfree.chart.imagemap.StandardURLTagFragmentGenerator,14,13,24
org.jfree.chart.internal.Args,45,45,78
org.jfree.chart.internal.ArrayUtils,48,47,152
org.jfree.chart.internal.CloneUtils,50,50,130
org.jfree.chart.internal.HashUtils,92,88,153
org.jfree.chart.internal.LineUtils,33,24,113
org.jfree.chart.internal.PaintUtils,50,42,157
org.jfree.chart.internal.SerialUtils,187,168,575
org.jfree.chart.internal.ShapeUtils,193,191,447
org.jfree.chart.labels.AbstractCategoryItemLabelGenerator,116,116,240
org.jfree.chart.labels.AbstractPieItemLabelGenerator,75,75,170
org.jfree.chart.labels.AbstractXYItemLabelGenerator,125,125,270
org.jfree.chart.labels.BoxAndWhiskerToolTipGenerator,46,46,91
org.jfree.chart.labels.BoxAndWhiskerXYToolTipGenerator,50,50,99
org.jfree.chart.labels.BubbleXYItemLabelGenerator,92,92,195
org.jfree.chart.labels.CustomXYToolTipGenerator,57,57,128
org.jfree.chart.labels.HighLowItemLabelGenerator,58,57,154
org.jfree.chart.labels.IntervalCategoryItemLabelGenerator,33,33,80
org.jfree.chart.labels.IntervalCategoryToolTipGenerator,42,41,101
org.jfree.chart.labels.IntervalXYItemLabelGenerator,84,84,203
org.jfree.chart.labels.IntervalXYToolTipGenerator,84,84,199
org.jfree.chart.labels.ItemLabelAnchor,29,29,56
org.jfree.chart.labels.ItemLabelPosition,59,59,130
org.jfree.chart.labels.MultipleXYSeriesLabelGenerator,65,65,166
org.jfree.chart.labels.StandardCategoryItemLabelGenerator,51,51,92
org.jfree.chart.labels.StandardCategorySeriesLabelGenerator,52,52,102
org.jfree.chart.labels.StandardCategoryToolTipGenerator,41,41,79
org.jfree.chart.labels.StandardCrosshairLabelGenerator,45,45,96
org.jfree.chart.labels.StandardFlowLabelGenerator,33,33,73
org.jfree.chart.labels.StandardPieSectionLabelGenerator,110,110,182
org.jfree.chart.labels.StandardPieToolTipGenerator,56,56,87
org.jfree.chart.labels.StandardXYItemLabelGenerator,80,80,132
org.jfree.chart.labels.StandardXYSeriesLabelGenerator,58,58,109
org.jfree.chart.labels.StandardXYToolTipGenerator,80,80,133
org.jfree.chart.labels.StandardXYZToolTipGenerator,87,86,187
org.jfree.chart.labels.SymbolicXYItemLabelGenerator,52,51,112
org.jfree.chart.legend.LegendGraphic,315,315,623
org.jfree.chart.legend.LegendItem,501,476,919
org.jfree.chart.legend.LegendItemBlockContainer,66,65,122
org.jfree.chart.legend.LegendItemCollection,51,51,99
org.jfree.chart.legend.LegendRenderingOrder,5,5,9
org.jfree.chart.legend.LegendTitle,235,234,545
org.jfree.chart.legend.PaintScaleLegend,236,234,598
org.jfree.chart.plot.CategoryCrosshairState,58,58,119
org.jfree.chart.plot.CategoryMarker,70,70,129
org.jfree.chart.plot.CategoryPlot,"2,071","2,000","4,415"
org.jfree.chart.plot.CenterTextMode,6,6,11
org.jfree.chart.plot.CombinedDomainCategoryPlot,220,201,555
org.jfree.chart.plot.CombinedDomainXYPlot,260,233,626
org.jfree.chart.plot.CombinedRangeCategoryPlot,174,155,456
org.jfree.chart.plot.CombinedRangeXYPlot,237,213,583
org.jfree.chart.plot.Crosshair,342,340,618
org.jfree.chart.plot.CrosshairState,180,179,287
org.jfree.chart.plot.DatasetRenderingOrder,13,13,17
org.jfree.chart.plot.DefaultDrawingSupplier,152,142,410
org.jfree.chart.plot.DialShape,7,7,12
org.jfree.chart.plot.FastScatterPlot,431,410,904
org.jfree.chart.plot.IntervalMarker,80,80,152
org.jfree.chart.plot.Marker,300,300,546
org.jfree.chart.plot.MeterInterval,74,74,149
org.jfree.chart.plot.MeterPlot,481,470,"1,085"
org.jfree.chart.plot.Plot,626,608,"1,223"
org.jfree.chart.plot.PlotOrientation,19,19,29
org.jfree.chart.plot.PlotRenderingInfo,112,112,215
org.jfree.chart.plot.PlotState,12,12,21
org.jfree.chart.plot.PolarAxisLocation,11,11,21
org.jfree.chart.plot.PolarPlot,818,784,"1,748"
org.jfree.chart.plot.RingPlot,267,260,569
org.jfree.chart.plot.SeriesRenderingOrder,12,12,16
org.jfree.chart.plot.SpiderWebPlot,567,532,"1,216"
org.jfree.chart.plot.ThermometerPlot,644,621,"1,367"
org.jfree.chart.plot.ValueMarker,57,57,96
org.jfree.chart.plot.WaferMapPlot,120,100,331
org.jfree.chart.plot.XYCrosshairState,7,7,11
org.jfree.chart.plot.XYPlot,"2,210","2,126","4,893"
org.jfree.chart.plot.compass.ArrowNeedle,42,42,111
org.jfree.chart.plot.compass.CompassPlot,300,287,707
org.jfree.chart.plot.compass.LineNeedle,33,32,67
org.jfree.chart.plot.compass.LongNeedle,38,35,118
org.jfree.chart.plot.compass.MeterNeedle,160,160,320
org.jfree.chart.plot.compass.MiddlePinNeedle,35,32,88
org.jfree.chart.plot.compass.PinNeedle,35,32,86
org.jfree.chart.plot.compass.PlumNeedle,33,32,77
org.jfree.chart.plot.compass.PointerNeedle,34,33,98
org.jfree.chart.plot.compass.ShipNeedle,34,33,76
org.jfree.chart.plot.compass.WindNeedle,29,28,68
org.jfree.chart.plot.dial.AbstractDialLayer,84,83,150
org.jfree.chart.plot.dial.ArcDialFrame,204,204,411
org.jfree.chart.plot.dial.DialBackground,107,107,190
org.jfree.chart.plot.dial.DialCap,139,139,253
org.jfree.chart.plot.dial.DialLayerChangeEvent,15,15,25
org.jfree.chart.plot.dial.DialPlot,344,336,695
org.jfree.chart.plot.dial.DialPointer,72,72,129
org.jfree.chart.plot.dial.DialPointer.Pin,79,79,160
org.jfree.chart.plot.dial.DialPointer.Pointer,97,97,218
org.jfree.chart.plot.dial.DialTextAnnotation,167,166,307
org.jfree.chart.plot.dial.DialValueIndicator,328,318,626
org.jfree.chart.plot.dial.StandardDialFrame,138,138,268
org.jfree.chart.plot.dial.StandardDialRange,175,175,340
org.jfree.chart.plot.dial.StandardDialScale,466,447,860
org.jfree.chart.plot.flow.FlowPlot,265,249,684
org.jfree.chart.plot.pie.AbstractPieLabelDistributor,37,37,57
org.jfree.chart.plot.pie.MultiplePiePlot,185,169,499
org.jfree.chart.plot.pie.PieLabelDistributor,58,56,161
org.jfree.chart.plot.pie.PieLabelLinkStyle,7,7,12
org.jfree.chart.plot.pie.PieLabelRecord,104,104,215
org.jfree.chart.plot.pie.PiePlot,"1,333","1,286","2,845"
org.jfree.chart.plot.pie.PiePlotState,123,123,200
org.jfree.chart.renderer.AbstractRenderer,"1,504","1,440","2,698"
org.jfree.chart.renderer.AreaRendererEndType,12,12,17
org.jfree.chart.renderer.DefaultPolarItemRenderer,317,304,763
org.jfree.chart.renderer.GrayPaintScale,86,84,162
org.jfree.chart.renderer.LookupPaintScale,89,86,207
org.jfree.chart.renderer.LookupPaintScale.PaintItem,41,41,89
org.jfree.chart.renderer.NotOutlierException,9,9,14
org.jfree.chart.renderer.Outlier,82,82,150
org.jfree.chart.renderer.OutlierList,71,71,116
org.jfree.chart.renderer.OutlierListCollection,72,72,117
org.jfree.chart.renderer.RendererState,37,37,64
org.jfree.chart.renderer.RendererUtils,59,40,208
org.jfree.chart.renderer.WaferMapRenderer,110,101,293
org.jfree.chart.renderer.category.AbstractCategoryItemRenderer,582,571,"1,449"
org.jfree.chart.renderer.category.AreaRenderer,71,65,243
org.jfree.chart.renderer.category.BarRenderer,485,457,"1,126"
org.jfree.chart.renderer.category.BoxAndWhiskerRenderer,377,339,933
org.jfree.chart.renderer.category.CategoryItemRendererState,87,87,147
org.jfree.chart.renderer.category.CategoryStepRenderer,105,92,250
org.jfree.chart.renderer.category.CategoryStepRenderer.State,13,13,20
org.jfree.chart.renderer.category.DefaultCategoryItemRenderer,6,5,10
org.jfree.chart.renderer.category.GanttRenderer,170,159,497
org.jfree.chart.renderer.category.GradientBarPainter,91,85,294
org.jfree.chart.renderer.category.GroupedStackedBarRenderer,79,75,279
org.jfree.chart.renderer.category.IntervalBarRenderer,66,58,170
org.jfree.chart.renderer.category.LayeredBarRenderer,111,84,373
org.jfree.chart.renderer.category.LevelRenderer,147,136,348
org.jfree.chart.renderer.category.LineAndShapeRenderer,357,344,714
org.jfree.chart.renderer.category.MinMaxCategoryRenderer,189,182,428
org.jfree.chart.renderer.category.ScatterRenderer,229,226,472
org.jfree.chart.renderer.category.StackedAreaRenderer,118,103,382
org.jfree.chart.renderer.category.StackedBarRenderer,93,87,288
org.jfree.chart.renderer.category.StandardBarPainter,61,56,156
org.jfree.chart.renderer.category.StatisticalBarRenderer,148,127,451
org.jfree.chart.renderer.category.StatisticalLineAndShapeRenderer,122,110,363
org.jfree.chart.renderer.category.WaterfallBarRenderer,134,125,368
org.jfree.chart.renderer.xy.AbstractXYItemRenderer,513,486,"1,426"
org.jfree.chart.renderer.xy.CandlestickRenderer,352,338,749
org.jfree.chart.renderer.xy.ClusteredXYBarRenderer,94,89,272
org.jfree.chart.renderer.xy.CyclicXYItemRenderer,64,53,235
org.jfree.chart.renderer.xy.CyclicXYItemRenderer.OverwriteDataSet,89,87,153
org.jfree.chart.renderer.xy.DefaultXYItemRenderer,6,5,10
org.jfree.chart.renderer.xy.DeviationRenderer,123,114,264
org.jfree.chart.renderer.xy.DeviationRenderer.State,16,16,25
org.jfree.chart.renderer.xy.DeviationStepRenderer,74,61,234
org.jfree.chart.renderer.xy.GradientXYBarPainter,90,85,293
org.jfree.chart.renderer.xy.HighLowRenderer,170,166,386
org.jfree.chart.renderer.xy.SamplingXYLineRenderer,89,80,214
org.jfree.chart.renderer.xy.SamplingXYLineRenderer.State,39,39,62
org.jfree.chart.renderer.xy.StackedXYAreaRenderer,190,165,457
org.jfree.chart.renderer.xy.StackedXYAreaRenderer.StackedXYAreaRendererState,47,47,81
org.jfree.chart.renderer.xy.StackedXYAreaRenderer2,134,121,436
org.jfree.chart.renderer.xy.StackedXYBarRenderer,116,104,320
org.jfree.chart.renderer.xy.StandardXYBarPainter,61,56,156
org.jfree.chart.renderer.xy.StandardXYItemRenderer,356,333,767
org.jfree.chart.renderer.xy.StandardXYItemRenderer.State,38,38,58
org.jfree.chart.renderer.xy.VectorRenderer,73,70,262
org.jfree.chart.renderer.xy.WindItemRenderer,38,37,105
org.jfree.chart.renderer.xy.XYAreaRenderer,217,192,558
org.jfree.chart.renderer.xy.XYAreaRenderer.XYAreaRendererState,10,10,19
org.jfree.chart.renderer.xy.XYAreaRenderer2,121,112,325
org.jfree.chart.renderer.xy.XYBarRenderer,405,397,977
org.jfree.chart.renderer.xy.XYBarRenderer.XYBarRendererState,19,19,31
org.jfree.chart.renderer.xy.XYBlockRenderer,193,191,428
org.jfree.chart.renderer.xy.XYBoxAndWhiskerRenderer,265,231,660
org.jfree.chart.renderer.xy.XYBubbleRenderer,84,81,258
org.jfree.chart.renderer.xy.XYDifferenceRenderer,315,256,985
org.jfree.chart.renderer.xy.XYDotRenderer,132,128,280
org.jfree.chart.renderer.xy.XYErrorRenderer,169,163,358
org.jfree.chart.renderer.xy.XYItemRendererState,98,97,129
org.jfree.chart.renderer.xy.XYLineAndShapeRenderer,486,466,952
org.jfree.chart.renderer.xy.XYLineAndShapeRenderer.State,38,38,60
org.jfree.chart.renderer.xy.XYShapeRenderer,256,249,494
org.jfree.chart.renderer.xy.XYSplineRenderer,155,129,373
org.jfree.chart.renderer.xy.XYSplineRenderer.FillType,7,7,13
org.jfree.chart.renderer.xy.XYSplineRenderer.XYSplineState,11,11,20
org.jfree.chart.renderer.xy.XYStepAreaRenderer,236,209,509
org.jfree.chart.renderer.xy.XYStepRenderer,112,98,255
org.jfree.chart.renderer.xy.YIntervalRenderer,100,93,215
org.jfree.chart.swing.AbstractOverlay,34,34,61
org.jfree.chart.swing.ApplicationFrame,52,46,83
org.jfree.chart.swing.ChartFrame,23,23,43
org.jfree.chart.swing.ChartMouseEvent,33,33,55
org.jfree.chart.swing.ChartPanel,"1,141","1,027","2,628"
org.jfree.chart.swing.CrosshairOverlay,138,133,505
org.jfree.chart.swing.DefaultSelectionZoomStrategy,47,41,192
org.jfree.chart.swing.MouseWheelHandler,39,36,92
org.jfree.chart.swing.NumberCellRenderer,21,21,45
org.jfree.chart.swing.OverlayChangeEvent,9,8,13
org.jfree.chart.swing.PolarChartPanel,63,63,171
org.jfree.chart.swing.UIUtils,69,68,138
org.jfree.chart.swing.editor.ChartEditorManager,28,27,43
org.jfree.chart.swing.editor.DefaultAxisEditor,186,115,386
org.jfree.chart.swing.editor.DefaultChartEditor,54,54,178
org.jfree.chart.swing.editor.DefaultChartEditorFactory,13,13,21
org.jfree.chart.swing.editor.DefaultLogAxisEditor,31,30,104
org.jfree.chart.swing.editor.DefaultNumberAxisEditor,19,18,104
org.jfree.chart.swing.editor.DefaultPlotEditor,159,125,495
org.jfree.chart.swing.editor.DefaultPolarPlotEditor,42,40,140
org.jfree.chart.swing.editor.DefaultTitleEditor,62,62,198
org.jfree.chart.swing.editor.DefaultValueAxisEditor,105,103,314
org.jfree.chart.swing.editor.FontChooserPanel,42,42,143
org.jfree.chart.swing.editor.FontDisplayField,30,30,55
org.jfree.chart.swing.editor.LCBLayout,62,56,202
org.jfree.chart.swing.editor.PaintSample,30,30,64
org.jfree.chart.swing.editor.StrokeChooserPanel,26,22,49
org.jfree.chart.swing.editor.StrokeSample,47,42,105
org.jfree.chart.text.AttributedStringUtils,18,16,56
org.jfree.chart.text.G2TextMeasurer,18,18,32
org.jfree.chart.text.TextAnchor,67,67,117
org.jfree.chart.text.TextBlock,108,108,231
org.jfree.chart.text.TextBlockAnchor,12,12,23
org.jfree.chart.text.TextBox,147,147,334
org.jfree.chart.text.TextFragment,115,115,226
org.jfree.chart.text.TextLine,87,87,186
org.jfree.chart.text.TextUtils,280,269,658
org.jfree.chart.text.format.HMSNumberFormat,39,37,65
org.jfree.chart.text.format.HexNumberFormat,56,55,97
org.jfree.chart.text.format.LogFormat,90,89,181
org.jfree.chart.text.format.RelativeDateFormat,237,235,457
org.jfree.chart.title.CompositeTitle,91,90,171
org.jfree.chart.title.DateTitle,82,82,107
org.jfree.chart.title.ImageTitle,119,117,283
org.jfree.chart.title.ShortTextTitle,69,69,178
org.jfree.chart.title.TextTitle,296,290,730
org.jfree.chart.title.Title,180,179,340
org.jfree.chart.urls.CustomCategoryURLGenerator,56,56,138
org.jfree.chart.urls.CustomPieURLGenerator,74,74,157
org.jfree.chart.urls.CustomXYURLGenerator,58,58,141
org.jfree.chart.urls.StandardCategoryURLGenerator,58,54,136
org.jfree.chart.urls.StandardPieURLGenerator,47,46,109
org.jfree.chart.urls.StandardXYURLGenerator,47,46,100
org.jfree.chart.urls.StandardXYZURLGenerator,12,12,19
org.jfree.chart.urls.TimeSeriesURLGenerator,58,58,140
org.jfree.chart.util.AttrStringUtils,82,80,256
org.jfree.chart.util.DefaultShadowGenerator,91,85,241
org.jfree.chart.util.DirectionalGradientPaintTransformer,42,34,86
org.jfree.chart.util.ExportUtils,64,61,159
org.jfree.chart.util.GradientPaintTransformType,7,7,13
org.jfree.chart.util.PaintAlpha,191,153,309
org.jfree.chart.util.StandardGradientPaintTransformer,50,50,123
org.jfree.chart.util.StringUtils,28,28,52
org.jfree.data.ComparableObjectItem,62,62,114
org.jfree.data.ComparableObjectSeries,182,175,380
org.jfree.data.DataUtils,87,86,208
org.jfree.data.DefaultKeyedValue,58,58,109
org.jfree.data.DefaultKeyedValues,175,174,366
org.jfree.data.DefaultKeyedValues2D,217,204,464
org.jfree.data.DomainOrder,6,6,11
org.jfree.data.KeyToGroupMap,91,90,245
org.jfree.data.KeyedObject,44,44,96
org.jfree.data.KeyedObjects,131,130,274
org.jfree.data.KeyedObjects2D,183,181,421
org.jfree.data.KeyedValueComparator,32,32,111
org.jfree.data.KeyedValueComparatorType,6,6,10
org.jfree.data.KeyedValues2DItemKey,34,34,102
org.jfree.data.KeyedValuesItemKey,23,23,68
org.jfree.data.Range,191,190,383
org.jfree.data.RangeType,7,7,12
org.jfree.data.UnknownKeyException,8,8,13
org.jfree.data.category.CategoryToPieDataset,112,110,258
org.jfree.data.category.DefaultCategoryDataset,219,217,357
org.jfree.data.category.DefaultIntervalCategoryDataset,327,312,697
org.jfree.data.category.SlidingCategoryDataset,156,155,299
org.jfree.data.flow.DefaultFlowDataset,134,134,301
org.jfree.data.flow.FlowDatasetUtils,70,65,156
org.jfree.data.flow.FlowKey,55,53,116
org.jfree.data.flow.NodeKey,49,48,100
org.jfree.data.function.LineFunction2D,44,44,83
org.jfree.data.function.NormalDistributionFunction2D,44,43,91
org.jfree.data.function.PolynomialFunction2D,44,44,77
org.jfree.data.function.PowerFunction2D,44,44,83
org.jfree.data.gantt.SlidingGanttCategoryDataset,296,295,571
org.jfree.data.gantt.Task,96,96,185
org.jfree.data.gantt.TaskSeries,70,70,141
org.jfree.data.gantt.TaskSeriesCollection,284,276,587
org.jfree.data.gantt.XYTaskDataset,207,207,399
org.jfree.data.general.AbstractDataset,116,114,179
org.jfree.data.general.AbstractSeriesDataset,37,37,63
org.jfree.data.general.DatasetChangeEvent,23,23,33
org.jfree.data.general.DatasetUtils,830,773,"2,253"
org.jfree.data.general.DefaultHeatMapDataset,132,131,264
org.jfree.data.general.DefaultKeyedValueDataset,63,63,136
org.jfree.data.general.DefaultKeyedValues2DDataset,8,7,13
org.jfree.data.general.DefaultKeyedValuesDataset,6,5,10
org.jfree.data.general.DefaultPieDataset,161,161,277
org.jfree.data.general.DefaultValueDataset,43,43,81
org.jfree.data.general.HeatMapUtils,34,34,75
org.jfree.data.general.Series,107,107,182
org.jfree.data.general.SeriesChangeEvent,9,9,15
org.jfree.data.general.SeriesException,9,9,15
org.jfree.data.general.WaferMapDataset,129,128,234
org.jfree.data.io.CSV,56,50,140
org.jfree.data.json.JSONUtils,50,49,141
org.jfree.data.json.impl.JSONArray,50,50,116
org.jfree.data.json.impl.JSONObject,68,68,147
org.jfree.data.json.impl.JSONValue,137,59,287
org.jfree.data.resources.DataPackageResources,10,10,20
org.jfree.data.resources.DataPackageResources_de,9,9,19
org.jfree.data.resources.DataPackageResources_es,9,9,19
org.jfree.data.resources.DataPackageResources_fr,9,9,19
org.jfree.data.resources.DataPackageResources_pl,9,9,19
org.jfree.data.resources.DataPackageResources_ru,9,9,19
org.jfree.data.statistics.BoxAndWhiskerCalculator,54,54,159
org.jfree.data.statistics.BoxAndWhiskerItem,103,102,223
org.jfree.data.statistics.DefaultBoxAndWhiskerCategoryDataset,421,416,824
org.jfree.data.statistics.DefaultBoxAndWhiskerXYDataset,248,248,478
org.jfree.data.statistics.DefaultMultiValueCategoryDataset,149,148,333
org.jfree.data.statistics.DefaultStatisticalCategoryDataset,264,252,617
org.jfree.data.statistics.HistogramBin,50,50,110
org.jfree.data.statistics.HistogramDataset,215,205,415
org.jfree.data.statistics.HistogramType,6,6,11
org.jfree.data.statistics.MeanAndStandardDeviation,64,64,126
org.jfree.data.statistics.Regression,72,70,292
org.jfree.data.statistics.SimpleHistogramBin,89,88,216
org.jfree.data.statistics.SimpleHistogramDataset,229,228,403
org.jfree.data.statistics.Statistics,151,137,379
org.jfree.data.time.DateRange,68,68,107
org.jfree.data.time.Day,213,203,389
org.jfree.data.time.DynamicTimeSeriesCollection,408,342,772
org.jfree.data.time.DynamicTimeSeriesCollection.ValueSequence,25,25,43
org.jfree.data.time.FixedMillisecond,114,105,221
org.jfree.data.time.Hour,213,201,401
org.jfree.data.time.Millisecond,183,176,370
org.jfree.data.time.Minute,207,197,406
org.jfree.data.time.Month,221,208,452
org.jfree.data.time.MovingAverage,96,84,256
org.jfree.data.time.Quarter,207,195,397
org.jfree.data.time.RegularTimePeriod,216,214,318
org.jfree.data.time.Second,189,181,378
org.jfree.data.time.SimpleTimePeriod,75,75,163
org.jfree.data.time.TimePeriodAnchor,7,7,12
org.jfree.data.time.TimePeriodFormatException,9,9,14
org.jfree.data.time.TimePeriodValue,68,67,130
org.jfree.data.time.TimePeriodValues,169,169,382
org.jfree.data.time.TimePeriodValuesCollection,169,168,366
org.jfree.data.time.TimeSeries,538,508,"1,117"
org.jfree.data.time.TimeSeriesCollection,305,294,614
org.jfree.data.time.TimeSeriesDataItem,90,89,151
org.jfree.data.time.TimeSeriesTableModel,78,76,201
org.jfree.data.time.TimeTableXYDataset,295,289,510
org.jfree.data.time.Week,258,235,553
org.jfree.data.time.Year,192,182,327
org.jfree.data.time.ohlc.OHLC,50,50,106
org.jfree.data.time.ohlc.OHLCItem,43,43,91
org.jfree.data.time.ohlc.OHLCSeries,54,54,87
org.jfree.data.time.ohlc.OHLCSeriesCollection,233,227,406
org.jfree.data.xml.CategoryDatasetHandler,38,38,80
org.jfree.data.xml.CategorySeriesHandler,39,39,90
org.jfree.data.xml.DatasetReader,52,52,111
org.jfree.data.xml.ItemHandler,50,50,108
org.jfree.data.xml.KeyHandler,49,47,98
org.jfree.data.xml.PieDatasetHandler,37,37,76
org.jfree.data.xml.RootHandler,36,36,71
org.jfree.data.xml.ValueHandler,47,46,103
org.jfree.data.xy.AbstractIntervalXYDataset,40,40,80
org.jfree.data.xy.AbstractXYDataset,27,27,52
org.jfree.data.xy.AbstractXYZDataset,12,12,24
org.jfree.data.xy.CategoryTableXYDataset,206,203,341
org.jfree.data.xy.DefaultHighLowDataset,208,208,358
org.jfree.data.xy.DefaultIntervalXYDataset,295,293,483
org.jfree.data.xy.DefaultOHLCDataset,157,157,281
org.jfree.data.xy.DefaultTableXYDataset,252,245,532
org.jfree.data.xy.DefaultWindDataset,130,130,251
org.jfree.data.xy.DefaultXYDataset,178,176,316
org.jfree.data.xy.DefaultXYZDataset,211,209,359
org.jfree.data.xy.IntervalXYDelegate,221,211,390
org.jfree.data.xy.MatrixSeries,89,87,161
org.jfree.data.xy.MatrixSeriesCollection,129,123,229
org.jfree.data.xy.NormalizedMatrixSeries,61,54,95
org.jfree.data.xy.OHLCDataItem,70,70,143
org.jfree.data.xy.Vector,45,45,91
org.jfree.data.xy.VectorDataItem,39,39,73
org.jfree.data.xy.VectorSeries,83,82,123
org.jfree.data.xy.VectorSeriesCollection,153,148,259
org.jfree.data.xy.WindDataItem,43,43,100
org.jfree.data.xy.XIntervalDataItem,31,31,63
org.jfree.data.xy.XIntervalSeries,81,81,117
org.jfree.data.xy.XIntervalSeriesCollection,185,181,313
org.jfree.data.xy.XYBarDataset,195,195,316
org.jfree.data.xy.XYCoordinate,49,49,118
org.jfree.data.xy.XYDataItem,95,93,183
org.jfree.data.xy.XYDatasetTableModel,125,74,193
org.jfree.data.xy.XYInterval,50,50,106
org.jfree.data.xy.XYIntervalDataItem,43,43,97
org.jfree.data.xy.XYIntervalSeries,105,105,150
org.jfree.data.xy.XYIntervalSeriesCollection,190,186,313
org.jfree.data.xy.XYItemKey,33,33,98
org.jfree.data.xy.XYSeries,428,408,842
org.jfree.data.xy.XYSeriesCollection,303,293,650
org.jfree.data.xy.YInterval,36,36,75
org.jfree.data.xy.YIntervalDataItem,31,31,66
org.jfree.data.xy.YIntervalSeries,83,83,118
org.jfree.data.xy.YIntervalSeriesCollection,164,160,277
org.jfree.data.xy.YWithXInterval,40,40,79